organism,Species,target_version,Class,Superorder,Order,Family,Genus
Acanthisitta_chloris,Acanthisitta chloris,bgi_2011-10-28,Aves,Neognathae,Passeriformes,Acanthisittidae,Acanthisitta
Acinonyx_jubatus,Acinonyx jubatus,aciJub1,Mammalia,Laurasiatheria,Carnivora,Felidae,Acinonyx
Ailuropoda_melanoleuca,Ailuropoda melanoleuca,goldenpath_ailMel1,Mammalia,Laurasiatheria,Carnivora,Ursidae,Ailuropoda
Alligator_mississippiensis,Alligator mississippiensis,goldenpath_allMis1_2012,Unclassified,Unclassified,Crocodylia,Alligatoridae,Alligator
Alligator_sinensis,Alligator sinensis,ASM45574v1,Unclassified,Unclassified,Crocodylia,Alligatoridae,Alligator
Ambystoma_mexicanum,Ambystoma mexicanum,sung-2015,Amphibia,Batrachia,Caudata,Ambystomatidae,Ambystoma
Anas_platyrhynchos,Anas platyrhynchos,ensembl_79_BGI_duck_1.0,Aves,Neognathae,Anseriformes,Anatidae,Anas
Anolis_carolinensis,Anolis carolinensis,ensembl_79_AnoCar2.0,Unclassified,Lepidosauria,Squamata,Iguanidae,Anolis
Antrostomus_carolinensis,Antrostomus carolinensis,bgi_2011-10-28,Aves,Neognathae,Caprimulgiformes,Caprimulgidae,Caprimulgus
Aotus_nancymaae,Aotus nancymaae,ncbi_1.0_April_2015,Mammalia,Euarchontoglires,Primates,Aotidae,Aotus
Apaloderma_vittatum,Apaloderma vittatum,bgi_2011-10-28,Aves,Neognathae,Trogoniformes,Trogonidae,Apaloderma
Aptenodytes_forsteri,Aptenodytes forsteri,bgi_2011-10-28,Aves,Neognathae,Sphenisciformes,Spheniscidae,Aptenodytes
Apteryx_australis_mantelli,Apteryx australis mantelli,AptMant0,Aves,Palaeognathae,Apterygiformes,Apterygidae,Apteryx
Astyanax_mexicanus,Astyanax mexicanus,ensembl_79_AstMex102,Actinopteri,Characiphysae,Characiformes,Characidae,Astyanax
Austrofundulus_limnaeus,Austrofundulus limnaeus,1,Actinopteri,Atherinomorphae,Cyprinodontiformes,Unclassified,Austrofundulus
Balaenoptera_acutorostrata,Balaenoptera acutorostrata,goldenpath_balAcu1,Mammalia,Laurasiatheria,Cetacea,Balaenopteridae,Balaenoptera
Balearica_regulorum,Balearica regulorum,bgi_2011-10-28,Aves,Neognathae,Gruiformes,Gruidae,Balearica
Bison_bison,Bison bison,ncbi_UMD1_2015-05-14,Mammalia,Laurasiatheria,Unclassified,Bovidae,Bison
Bos_grunniens,Bos grunniens,bbu_UMD_2015-05-14,Mammalia,Laurasiatheria,Unclassified,Bovidae,Bos
Bos_taurus,Bos taurus,goldenpath_bosTau7,Mammalia,Laurasiatheria,Unclassified,Bovidae,Bos
Bubalus_bubalis,Bubalus bubalis,ncbi_100_2015-05-14,Mammalia,Laurasiatheria,Unclassified,Bovidae,Bubalus
Buceros_rhinoceros,Buceros rhinoceros,bgi_2011-10-28,Aves,Neognathae,Bucerotiformes,Bucerotidae,Buceros
Calidris_pugnax,Calidris pugnax,ASM143184v1,Aves,Neognathae,Charadriiformes,Scolopacidae,Calidris
Callithrix_jacchus,Callithrix jacchus,goldenpath_calJac3,Mammalia,Euarchontoglires,Primates,Cebidae,Callithrix
Callorhinchus_milii,Callorhinchus milii,goldenpath_calMil1_2013-12,Chondrichthyes,Unclassified,Chimaeriformes,Callorhinchidae,Callorhinchus
Calypte_anna,Calypte anna,bgi_2011-10-28,Aves,Neognathae,Trochiliformes,Trochilidae,Calypte
Camelus_ferus,Camelus ferus,bacsac_1.0_april_2013,Mammalia,Laurasiatheria,Unclassified,Camelidae,Camelus
Canis_familiaris,Canis familiaris,goldenpath_canFam3,Mammalia,Laurasiatheria,Carnivora,Canidae,Canis
Capra_hircus,Capra hircus,iggc_1.0_april_2013,Mammalia,Laurasiatheria,Unclassified,Bovidae,Capra
Cariama_cristata,Cariama cristata,bgi_2011-10-28,Aves,Neognathae,Gruiformes,Cariamidae,Cariama
Cathartes_aura,Cathartes aura,bgi_2011-10-28,Aves,Neognathae,Ciconiiformes,Cathartidae,Cathartes
Cavia_porcellus,Cavia porcellus,goldenpath_cavPor3,Mammalia,Euarchontoglires,Rodentia,Caviidae,Cavia
Ceratotherium_simum,Ceratotherium simum,goldenpath_cerSim1,Mammalia,Laurasiatheria,Perissodactyla,Rhinocerotidae,Ceratotherium
Cercocebus_atys,Cercocebus atys,ncbi_100_2015,Mammalia,Euarchontoglires,Primates,Cercopithecidae,Cercocebus
Chaetura_pelagica,Chaetura pelagica,bgi_2011-10-28,Aves,Neognathae,Apodiformes,Apodidae,Chaetura
Charadrius_vociferus,Charadrius vociferus,bgi_2011-10-28,Aves,Neognathae,Charadriiformes,Charadriidae,Charadrius
Chelonia_mydas,Chelonia mydas,CheMyd_1.0,Unclassified,Unclassified,Testudines,Cheloniidae,Chelonia
Chinchilla_lanigera,Chinchilla lanigera,broad_v0_2012,Mammalia,Euarchontoglires,Rodentia,Chinchillidae,Chinchilla
Chlamydotis_undulata,Chlamydotis undulata,bgi_2011-10-28,Aves,Neognathae,Gruiformes,Otididae,Chlamydotis
Chlorocebus_sabaeus,Chlorocebus sabaeus,ensembl_79_ChlSab1.1,Mammalia,Euarchontoglires,Primates,Cercopithecidae,Chlorocebus
Choloepus_hoffmanni,Choloepus hoffmanni,goldenpath_choHof1,Mammalia,Xenarthra,Pilosa,Megalonychidae,Choloepus
Chrysemys_picta,Chrysemys picta,goldenpath_chrPic1_2011,Unclassified,Unclassified,Testudines,Emydidae,Chrysemys
Chrysochloris_asiatica,Chrysochloris asiatica,broad_ChrAsi1.0_2012,Mammalia,Afrotheria,Unclassified,Chrysochloridae,Chrysochloris
Clupea_harengus,Clupea harengus,ncbi_7950_2015,Actinopteri,Unclassified,Clupeiformes,Clupeidae,Clupea
Colius_striatus,Colius striatus,bgi_2011-10-28,Aves,Neognathae,Coliiformes,Coliidae,Colius
Colobus_angolensis_palliatus,Colobus angolensis palliatus,ncbi_100_2015,Mammalia,Euarchontoglires,Primates,Cercopithecidae,Colobus
Columba_livia,Columba livia,bgi_2011-10-28,Aves,Neognathae,Columbiformes,Columbidae,Columba
Corvus_brachyrhynchos,Corvus brachyrhynchos,bgi_2011-10-28,Aves,Neognathae,Passeriformes,Corvidae,Corvus
Corvus_cornix_cornix,Corvus cornix cornix,932674,Aves,Neognathae,Passeriformes,Corvidae,Corvus
Coturnix_japonica,Coturnix japonica,ncbi_2.0,Aves,Neognathae,Galliformes,Phasianidae,Coturnix
Cricetulus_griseus,Cricetulus griseus,goldenpath_criGri1,Mammalia,Euarchontoglires,Rodentia,Cricetidae,Cricetulus
Crocodylus_porosus,Crocodylus porosus,crocgenomes_sub2,Unclassified,Unclassified,Crocodylia,Crocodylidae,Crocodylus
Cuculus_canorus,Cuculus canorus,bgi_2011-10-28,Aves,Neognathae,Cuculiformes,Cuculidae,Cuculus
Cynoglossus_semilaevis,Cynoglossus semilaevis,cse_v1.0,Actinopteri,Unclassified,Pleuronectiformes,Cynoglossidae,Cynoglossus
Danio_rerio,Danio rerio,ensembl_79_Zv9,Actinopteri,Cypriniphysae,Cypriniformes,Cyprinidae,Danio
Dasypus_novemcinctus,Dasypus novemcinctus,goldenpath_dasNov3,Mammalia,Xenarthra,Cingulata,Dasypodidae,Dasypus
Daubentonia_madagascariensis,Daubentonia madagascariensis,broad_1.0_oct_2012,Mammalia,Euarchontoglires,Primates,Daubentoniidae,Daubentonia
Dipodomys_ordii,Dipodomys ordii,ensembl_79_dipOrd1,Mammalia,Euarchontoglires,Rodentia,Heteromyidae,Dipodomys
Echinops_telfairi,Echinops telfairi,goldenpath_echTel2,Mammalia,Afrotheria,Unclassified,Tenrecidae,Echinops
Egretta_garzetta,Egretta garzetta,bgi_2011-10-28,Aves,Neognathae,Pelecaniformes,Ardeidae,Egretta
Eidolon_helvum,Eidolon helvum,GCA_000465285.1,Mammalia,Laurasiatheria,Chiroptera,Pteropodidae,Eidolon
Elephantulus_edwardii,Elephantulus edwardii,broad_1.0_april_2013,Mammalia,Afrotheria,Macroscelidea,Macroscelididae,Elephantulus
Eptesicus_fuscus,Eptesicus fuscus,broad_1.0_april_2013,Mammalia,Laurasiatheria,Chiroptera,Vespertilionidae,Eptesicus
Equus_africanus_asinus,Equus africanus asinus,willy_denovo,Mammalia,Laurasiatheria,Perissodactyla,Equidae,Equus
Equus_caballus,Equus caballus,goldenpath_equCab2_Dec13,Mammalia,Laurasiatheria,Perissodactyla,Equidae,Equus
Erinaceus_europaeus,Erinaceus europaeus,goldenpath_eriEur2,Mammalia,Laurasiatheria,Insectivora,Erinaceidae,Erinaceus
Esox_lucius,Esox lucius,ASM72191v2,Actinopteri,Unclassified,Esociformes,Esocidae,Esox
Eurypyga_helias,Eurypyga helias,bgi_2011-10-28,Aves,Neognathae,Gruiformes,Eurypygidae,Eurypyga
Falco_peregrinus,Falco peregrinus,bgi_2011-10-28,Aves,Neognathae,Falconiformes,Falconidae,Falco
Felis_catus,Felis catus,goldenpath_felCat5,Mammalia,Laurasiatheria,Carnivora,Felidae,Felis
Ficedula_albicollis,Ficedula albicollis,FicAlb_1.4,Aves,Neognathae,Passeriformes,Muscicapidae,Ficedula
Fukomys_damarensis,Fukomys damarensis,ncbi_1.0_2014,Mammalia,Euarchontoglires,Rodentia,Bathyergidae,Fukomys
Fulmarus_glacialis,Fulmarus glacialis,bgi_2011-10-28,Aves,Neognathae,Procellariiformes,Procellariidae,Fulmarus
Fundulus_heteroclitus,Fundulus heteroclitus,3.0.2,Actinopteri,Atherinomorphae,Cyprinodontiformes,Fundulidae,Fundulus
Gadus_morhua,Gadus morhua,goldenpath_gadMor1_2010_05,Actinopteri,Unclassified,Gadiformes,Gadidae,Gadus
Galeopterus_variegatus,Galeopterus variegatus,G-variegatus_3.0.2_apr_2015,Mammalia,Euarchontoglires,Dermoptera,Cynocephalidae,Galeopterus
Gallus_gallus,Gallus gallus,goldenpath_galGal4,Aves,Neognathae,Galliformes,Phasianidae,Gallus
Gasterosteus_aculeatus,Gasterosteus aculeatus,BROADS1,Actinopteri,Unclassified,Perciformes,Gasterosteidae,Gasterosteus
Gavia_stellata,Gavia stellata,bgi_2011-10-28,Aves,Neognathae,Gaviiformes,Gaviidae,Gavia
Gavialis_gangeticus,Gavialis gangeticus,ggan_v0.2,Unclassified,Unclassified,Crocodylia,Gavialidae,Gavialis
Gekko_japonicus,Gekko japonicus,V1.1,Unclassified,Lepidosauria,Squamata,Gekkonidae,Gekko
Geospiza_fortis,Geospiza fortis,goldenpath_geoFor1,Aves,Neognathae,Passeriformes,Thraupidae,Geospiza
Gorilla_gorilla,Gorilla gorilla,goldenpath_gorGor3,Mammalia,Euarchontoglires,Primates,Hominidae,Gorilla
Haliaeetus_albicilla,Haliaeetus albicilla,bgi_2012-3-16,Aves,Neognathae,Falconiformes,Accipitridae,Haliaeetus
Haliaeetus_leucocephalus,Haliaeetus leucocephalus,bgi_2012-03-16,Aves,Neognathae,Falconiformes,Accipitridae,Haliaeetus
Haplochromis_burtoni,Haplochromis burtoni,1,Actinopteri,Cichlomorphae,Cichliformes,Cichlidae,Haplochromis
Heterocephalus_glaber,Heterocephalus glaber,goldenpath_hetGla2,Mammalia,Euarchontoglires,Rodentia,Bathyergidae,Heterocephalus
Homo_sapiens,Homo sapiens,goldenpath_hg38,Mammalia,Euarchontoglires,Primates,Hominidae,Homo
Hynobius_chinensis,Hynobius chinensis,sung-2015,Amphibia,Batrachia,Caudata,Hynobiidae,Hynobius
Ictidomys_tridecemlineatus,Ictidomys tridecemlineatus,ensembl_79_spetri2,Mammalia,Euarchontoglires,Rodentia,Sciuridae,Ictidomys
Jaculus_jaculus,Jaculus jaculus,broad_JacJac1.0,Mammalia,Euarchontoglires,Rodentia,Dipodidae,Jaculus
Larimichthys_crocea,Larimichthys crocea,ASM74293v1,Actinopteri,Unclassified,Unclassified,Sciaenidae,Larimichthys
Latimeria_chalumnae,Latimeria chalumnae,LatCha1,Unclassified,Unclassified,Coelacanthiformes,Coelacanthidae,Latimeria
Lepisosteus_oculatus,Lepisosteus oculatus,LepOcu1,Actinopteri,Unclassified,Semionotiformes,Lepisosteidae,Lepisosteus
Leptonychotes_weddellii,Leptonychotes weddellii,broad_1.1_april_2013,Mammalia,Laurasiatheria,Carnivora,Phocidae,Leptonychotes
Leptosomus_discolor,Leptosomus discolor,bgi_2011-10-28,Aves,Neognathae,Coraciiformes,Leptosomidae,Leptosomus
Lipotes_vexillifer,Lipotes vexillifer,ncbi_100_2014-04-27,Mammalia,Laurasiatheria,Cetacea,Lipotidae,Lipotes
Loxodonta_africana,Loxodonta africana,goldenpath_loxAfr3,Mammalia,Afrotheria,Proboscidea,Elephantidae,Loxodonta
Macaca_fascicularis,Macaca fascicularis,5,Mammalia,Euarchontoglires,Primates,Cercopithecidae,Macaca
Macaca_mulatta,Macaca mulatta,goldenpath_rheMac3,Mammalia,Euarchontoglires,Primates,Cercopithecidae,Macaca
Macropus_eugenii,Macropus eugenii,goldenpath_macEug2,Mammalia,Unclassified,Diprotodontia,Macropodidae,Macropus
Manacus_vitellinus,Manacus vitellinus,28/10/2011,Aves,Neognathae,Passeriformes,Pipridae,Manacus
Mandrillus_leucophaeus,Mandrillus leucophaeus,Mleu.le_1.0,Mammalia,Euarchontoglires,Primates,Cercopithecidae,Mandrillus
Maylandia_zebra,Maylandia zebra,UMD1,Actinopteri,Cichlomorphae,Cichliformes,Cichlidae,Maylandia
Megaderma_lyra,Megaderma lyra,ncbi_AWHB00000000.1_2015-05,Mammalia,Laurasiatheria,Chiroptera,Megadermatidae,Megaderma
Meleagris_gallopavo,Meleagris gallopavo,goldenpath_melGal1,Aves,Neognathae,Galliformes,Phasianidae,Meleagris
Melopsittacus_undulatus,Melopsittacus undulatus,goldenpath_melUnd1,Aves,Neognathae,Psittaciformes,Psittaculidae,Melopsittacus
Merops_nubicus,Merops nubicus,bgi_2011-10-28,Aves,Neognathae,Coraciiformes,Meropidae,Merops
Mesitornis_unicolor,Mesitornis unicolor,bgi_2011-10-28,Aves,Neognathae,Gruiformes,Mesitornithidae,Mesitornis
Mesocricetus_auratus,Mesocricetus auratus,broad_1.1_april_2013,Mammalia,Euarchontoglires,Rodentia,Cricetidae,Mesocricetus
Microcebus_murinus,Microcebus murinus,goldenpath_micMur1,Mammalia,Euarchontoglires,Primates,Cheirogaleidae,Microcebus
Microtus_ochrogaster,Microtus ochrogaster,broad_1.0_april_2013,Mammalia,Euarchontoglires,Rodentia,Cricetidae,Microtus
Monodelphis_domestica,Monodelphis domestica,goldenpath_monDom5,Mammalia,Unclassified,Didelphimorphia,Didelphidae,Monodelphis
Mus_musculus,Mus musculus,goldenpath_mm10,Mammalia,Euarchontoglires,Rodentia,Muridae,Mus
Mustela_putorius_furo,Mustela putorius furo,goldenpath_musFur1,Mammalia,Laurasiatheria,Carnivora,Mustelidae,Mustela
Myotis_brandtii,Myotis brandtii,ncbi_100_2013,Mammalia,Laurasiatheria,Chiroptera,Vespertilionidae,Myotis
Myotis_davidii,Myotis davidii,bgi_1.1_april_2013,Mammalia,Laurasiatheria,Chiroptera,Vespertilionidae,Myotis
Myotis_lucifugus,Myotis lucifugus,goldenpath_myoLuc2,Mammalia,Laurasiatheria,Chiroptera,Vespertilionidae,Myotis
Nannospalax_galili,Nannospalax galili,S.galili_v1.0,Mammalia,Euarchontoglires,Rodentia,Spalacidae,Nannospalax
Nasalis_larvatus,Nasalis larvatus,goldepath_nasLar1_2015-12,Mammalia,Euarchontoglires,Primates,Cercopithecidae,Nasalis
Neolamprologus_brichardi,Neolamprologus brichardi,NeoBri1.0,Actinopteri,Cichlomorphae,Cichliformes,Cichlidae,Neolamprologus
Nipponia_nippon,Nipponia nippon,bgi_2011-10-28,Aves,Neognathae,Pelecaniformes,Threskiornithidae,Nipponia
Nomascus_leucogenys,Nomascus leucogenys,ensembl_79_Nleu1.0,Mammalia,Euarchontoglires,Primates,Hylobatidae,Nomascus
Nothobranchius_furzeri,Nothobranchius furzeri,Nfu_20140520,Actinopteri,Atherinomorphae,Cyprinodontiformes,Nothobranchiidae,Nothobranchius
Notophthalmus_viridescens,Notophthalmus viridescens,sung-2015,Amphibia,Batrachia,Caudata,Salamandridae,Notophthalmus
Notothenia_coriiceps,Notothenia coriiceps,ncbi_8208_2014,Actinopteri,Unclassified,Perciformes,Nototheniidae,Notothenia
Ochotona_princeps,Ochotona princeps,goldenpath_ochPri3,Mammalia,Euarchontoglires,Lagomorpha,Ochotonidae,Ochotona
Octodon_degus,Octodon degus,broad_1.0_july_2012,Mammalia,Euarchontoglires,Rodentia,Octodontidae,Octodon
Odobenus_rosmarus,Odobenus rosmarus,marinemamm_1.0_april_2013,Mammalia,Laurasiatheria,Carnivora,Odobenidae,Odobenus
Opisthocomus_hoazin,Opisthocomus hoazin,bgi_2011-10-28,Aves,Neognathae,Opisthocomiformes,Opisthocomidae,Opisthocomus
Orcinus_orca,Orcinus orca,ncbi_ANOL02_jan_2013,Mammalia,Laurasiatheria,Cetacea,Delphinidae,Orcinus
Oreochromis_niloticus,Oreochromis niloticus,goldenpath_oreNil2_2011_01,Actinopteri,Cichlomorphae,Cichliformes,Cichlidae,Oreochromis
Ornithorhynchus_anatinus,Ornithorhynchus anatinus,goldenpath_ornAna1_2007-03,Mammalia,Unclassified,Monotremata,Ornithorhynchidae,Ornithorhynchus
Orycteropus_afer,Orycteropus afer,broad_v0_2012,Mammalia,Afrotheria,Tubulidentata,Orycteropodidae,Orycteropus
Oryctolagus_cuniculus,Oryctolagus cuniculus,goldenpath_oryCun2,Mammalia,Euarchontoglires,Lagomorpha,Leporidae,Oryctolagus
Oryzias_latipes,Oryzias latipes,medaka1,Actinopteri,Atherinomorphae,Beloniformes,Adrianichthyidae,Oryzias
Otolemur_garnettii,Otolemur garnettii,goldenpath_otoGar3,Mammalia,Euarchontoglires,Primates,Galagidae,Otolemur
Ovis_aries,Ovis aries,goldenpath_oviAri3,Mammalia,Laurasiatheria,Unclassified,Bovidae,Ovis
Pan_troglodytes,Pan troglodytes,goldenpath_panTro4,Mammalia,Euarchontoglires,Primates,Hominidae,Pan
Panthera_tigris_altaica,Panthera tigris altaica,ncbi_100_2014-03,Mammalia,Laurasiatheria,Carnivora,Felidae,Panthera
Papio_anubis,Papio anubis,goldenpath_papAnu2,Mammalia,Euarchontoglires,Primates,Cercopithecidae,Papio
Pelecanus_crispus,Pelecanus crispus,bgi_2011-10-28,Aves,Neognathae,Pelecaniformes,Pelecanidae,Pelecanus
Pelodiscus_sinensis,Pelodiscus sinensis,PelSin_1.0,Unclassified,Unclassified,Testudines,Trionychidae,Pelodiscus
Peromyscus_maniculatus_bairdii,Peromyscus maniculatus bairdii,1,Mammalia,Euarchontoglires,Rodentia,Cricetidae,Peromyscus
Petromyzon_marinus,Petromyzon marinus,Pmarinus_7.0,Unclassified,Unclassified,Petromyzontiformes,Petromyzontidae,Petromyzon
Phaethon_lepturus,Phaethon lepturus,bgi_2011-10-28,Aves,Neognathae,Pelecaniformes,Phaethontidae,Phaethon
Phalacrocorax_carbo,Phalacrocorax carbo,bgi_2011-10-28,Aves,Neognathae,Pelecaniformes,Phalacrocoracidae,Phalacrocorax
Phoenicopterus_ruber,Phoenicopterus ruber,bgi_2011-10-28,Aves,Neognathae,Phoenicopteriformes,Phoenicopteridae,Phoenicopterus
Picoides_pubescens,Picoides pubescens,bgi_2011-10-28,Aves,Neognathae,Piciformes,Picidae,Picoides
Podiceps_cristatus,Podiceps cristatus,bgi_2011-10-28,Aves,Neognathae,Podicipediformes,Podicipedidae,Podiceps
Poecilia_formosa,Poecilia formosa,PoeFor_5.1.2,Actinopteri,Atherinomorphae,Cyprinodontiformes,Poeciliidae,Poecilia
Pongo_abelii,Pongo abelii,goldenpath_ponAbe2,Mammalia,Euarchontoglires,Primates,Hominidae,Pongo
Procavia_capensis,Procavia capensis,goldenpath_proCap1,Mammalia,Afrotheria,Hyracoidea,Procaviidae,Procavia
Propithecus_coquereli,Propithecus coquereli,Pcoq_1.0,Mammalia,Euarchontoglires,Primates,Indriidae,Propithecus
Protobothrops_mucrosquamatus,Protobothrops mucrosquamatus,P.Mucros_1.0,Unclassified,Lepidosauria,Squamata,Viperidae,Protobothrops
Pseudopodoces_humilis,Pseudopodoces humilis,1,Aves,Neognathae,Passeriformes,Paridae,Pseudopodoces
Pterocles_gutturalis,Pterocles gutturalis,bgi_2011-10-28,Aves,Neognathae,Ciconiiformes,Pteroclidae,Pterocles
Pteronotus_parnellii,Pteronotus parnellii,ncbi_AWGZ00000000.1_2015-05,Mammalia,Laurasiatheria,Chiroptera,Mormoopidae,Pteronotus
Pteropus_alecto,Pteropus alecto,broad_1.0_april_2012,Mammalia,Laurasiatheria,Chiroptera,Pteropodidae,Pteropus
Pteropus_vampyrus,Pteropus vampyrus,goldenpath_pteVam1,Mammalia,Laurasiatheria,Chiroptera,Pteropodidae,Pteropus
Pundamilia_nyererei,Pundamilia nyererei,PunNye1.0,Actinopteri,Cichlomorphae,Cichliformes,Cichlidae,Pundamilia
Pygoscelis_adeliae,Pygoscelis adeliae,bgi_2011-10-28,Aves,Neognathae,Sphenisciformes,Spheniscidae,Pygoscelis
Python_bivittatus,Python bivittatus,5.0.2,Unclassified,Lepidosauria,Squamata,Pythonidae,Python
Rattus_norvegicus,Rattus norvegicus,goldenpath_rn6,Mammalia,Euarchontoglires,Rodentia,Muridae,Rattus
Rhinolophus_ferrumequinum,Rhinolophus ferrumequinum,ncbi_AWHA00000000.1_2015-05,Mammalia,Laurasiatheria,Chiroptera,Rhinolophidae,Rhinolophus
Rhinopithecus_roxellana,Rhinopithecus roxellana,ncbi_100_2014-11-18,Mammalia,Euarchontoglires,Primates,Cercopithecidae,Rhinopithecus
Rousettus_aegyptiacus,Rousettus aegyptiacus,2,Mammalia,Laurasiatheria,Chiroptera,Pteropodidae,Rousettus
Saimiri_boliviensis,Saimiri boliviensis,goldenpath_saiBol1,Mammalia,Euarchontoglires,Primates,Cebidae,Saimiri
Sarcophilus_harrisii,Sarcophilus harrisii,goldenpath_sarHar1,Mammalia,Unclassified,Dasyuromorphia,Dasyuridae,Sarcophilus
Sorex_araneus,Sorex araneus,goldenpath_sorAra2,Mammalia,Laurasiatheria,Insectivora,Soricidae,Sorex
Stegastes_partitus,Stegastes partitus,1.0.2,Actinopteri,Unclassified,Unclassified,Pomacentridae,Stegastes
Struthio_camelus,Struthio camelus,bgi_2011-10-28,Aves,Palaeognathae,Struthioniformes,Struthionidae,Struthio
Sus_scrofa,Sus scrofa,goldenpath_susScr3,Mammalia,Laurasiatheria,Unclassified,Suidae,Sus
Taeniopygia_guttata,Taeniopygia guttata,goldenpath_taeGut2,Aves,Neognathae,Passeriformes,Estrildidae,Taeniopygia
Takifugu_rubripes,Takifugu rubripes,FUGU4,Actinopteri,Unclassified,Tetraodontiformes,Tetraodontidae,Takifugu
Tarsius_syrichta,Tarsius syrichta,goldenpath_tarSyr1,Mammalia,Euarchontoglires,Primates,Tarsiidae,Tarsius
Tauraco_erythrolophus,Tauraco erythrolophus,bgi_2011-10-28,Aves,Neognathae,Musophagiformes,Musophagidae,Tauraco
Tetraodon_nigroviridis,Tetraodon nigroviridis,TETRAODON8,Actinopteri,Unclassified,Tetraodontiformes,Tetraodontidae,Tetraodon
Thamnophis_sirtalis,Thamnophis sirtalis,6,Unclassified,Lepidosauria,Squamata,Colubridae,Thamnophis
Tinamus_guttatus,Tinamus guttatus,bgi_2011-10-28,Aves,Palaeognathae,Tinamiformes,Tinamidae,Tinamus
Trichechus_manatus,Trichechus manatus,goldenpath_triMan1,Mammalia,Afrotheria,Sirenia,Trichechidae,Trichechus
Triturus_carnifex,Triturus carnifex,sung_2016,Amphibia,Batrachia,Caudata,Salamandridae,Triturus
Tupaia_belangeri,Tupaia belangeri,goldenpath_tupBel1,Mammalia,Euarchontoglires,Scandentia,Tupaiidae,Tupaia
Tursiops_truncatus,Tursiops truncatus,goldenpath_turTru2,Mammalia,Laurasiatheria,Cetacea,Delphinidae,Tursiops
Tyto_alba,Tyto alba,bgi_2011-10-28,Aves,Neognathae,Strigiformes,Tytonidae,Tyto
Ursus_maritimus,Ursus maritimus,GAJD01_1.0_june_2013,Mammalia,Laurasiatheria,Carnivora,Ursidae,Ursus
Vicugna_pacos,Vicugna pacos,goldenpath_vicPac2,Mammalia,Laurasiatheria,Unclassified,Camelidae,Vicugna
Xenopus_tropicalis,Xenopus tropicalis,v7_2015-06-19,Amphibia,Batrachia,Anura,Pipidae,Xenopus
Xiphophorus_maculatus,Xiphophorus maculatus,ncbi_100_2013,Actinopteri,Atherinomorphae,Cyprinodontiformes,Poeciliidae,Xiphophorus
Zonotrichia_albicollis,Zonotrichia albicollis,1.0.1,Aves,Neognathae,Passeriformes,Passerellidae,Zonotrichia
Condylura_cristata,Condylura cristata,broad_ConCri1.0,Mammalia,Laurasiatheria,Insectivora,Talpidae,Condylura
Camelus_dromedarius,Camelus dromedarius,ncbi_GCF_000767585_2015-05-14,Mammalia,Laurasiatheria,Unclassified,Camelidae,Camelus
Camelus_bactrianus,Camelus bactrianus,MBC_1.0,Mammalia,Laurasiatheria,Unclassified,Camelidae,Camelus
Bos_mutus,Bos mutus,v2.0,Mammalia,Laurasiatheria,Unclassified,Bovidae,Bos
Macaca_nemestrina,Macaca nemestrina,Mnem_1.0,Mammalia,Euarchontoglires,Primates,Cercopithecidae,Macaca
Marmota_marmota_marmota,Marmota marmota marmota,marMar2.1,Mammalia,Euarchontoglires,Rodentia,Sciuridae,Marmota
Poecilia_latipinna,Poecilia latipinna,v1.0,Actinopteri,Atherinomorphae,Cyprinodontiformes,Poeciliidae,Poecilia
Poecilia_mexicana,Poecilia mexicana,v1.0,Actinopteri,Atherinomorphae,Cyprinodontiformes,Poeciliidae,Poecilia
Poecilia_reticulata,Poecilia reticulata,v1.0,Actinopteri,Atherinomorphae,Cyprinodontiformes,Poeciliidae,Poecilia
Salmo_salar,Salmo salar,ICASG_v2,Actinopteri,Unclassified,Salmoniformes,Salmonidae,Salmo
Sinocyclocheilus_grahami,Sinocyclocheilus grahami,v1.1,Actinopteri,Cypriniphysae,Cypriniformes,Cyprinidae,Sinocyclocheilus
Miniopterus_natalensis,Miniopterus natalensis,Mnat.v1,Mammalia,Laurasiatheria,Chiroptera,Vespertilionidae,Miniopterus
Pantholops_hodgsonii,Pantholops hodgsonii,PHO1.0,Mammalia,Laurasiatheria,Unclassified,Bovidae,Pantholops
Physeter_catodon,Physeter catodon,2.0.2,Mammalia,Laurasiatheria,Cetacea,Physeteridae,Physeter
Nestor_notabilis,Nestor notabilis,bgi_2011-10-28,Aves,Neognathae,Psittaciformes,Psittacidae,Nestor
Apodemus_sylvaticus,Apodemus sylvaticus,GCA_001305905.1,Mammalia,Euarchontoglires,Rodentia,Muridae,Apodemus
Capra_aegagrus,Capra aegagrus,CapAeg_1.0,Mammalia,Laurasiatheria,Unclassified,Bovidae,Capra
Capreolus_capreolus,Capreolus capreolus,kmer631,Mammalia,Laurasiatheria,Unclassified,Cervidae,Capreolus
Cebus_capucinus,Cebus capucinus,Cebus_imitator-1.0,Mammalia,Euarchontoglires,Primates,Cebidae,Cebus
Eulemur_macaco,Eulemur macaco,Emacaco_refEf,Mammalia,Euarchontoglires,Primates,Lemuridae,Eulemur
Manis_pentadactyla,Manis pentadactyla,GCA_000738955.1,Mammalia,Laurasiatheria,Pholidota,Manidae,Manis
Mus_caroli,Mus caroli,REL-1509_EiJ,Mammalia,Euarchontoglires,Rodentia,Muridae,Mus
Mus_castaneus,Mus castaneus,REL-1509-EiJ,Mammalia,Euarchontoglires,Rodentia,Muridae,Mus
Mus_pahari,Mus pahari,REL-1509-EiJ,Mammalia,Euarchontoglires,Rodentia,Muridae,Mus
Mus_spretus,Mus spretus,SPRET_EiJ_v1,Mammalia,Euarchontoglires,Rodentia,Muridae,Mus
Odocoileus_virginianus,Odocoileus virginianus,RRL-RSL_1.0,Mammalia,Laurasiatheria,Unclassified,Cervidae,Odocoileus
Tupaia_chinensis,Tupaia chinensis,TupChi_1.0,Mammalia,Euarchontoglires,Scandentia,Tupaiidae,Tupaia
Amazona_aestiva,Amazona aestiva,ASM142067v1,Aves,Neognathae,Psittaciformes,Psittacidae,Amazona
Lyrurus_tetrix,Lyrurus tetrix,tetTet1,Aves,Neognathae,Galliformes,Phasianidae,Lyrurus
Nanorana_parkeri,Nanorana parkeri,GCA_000935625.1,Amphibia,Batrachia,Anura,Dicroglossidae,Nanorana
Anoplopoma_fimbria,Anoplopoma fimbria,AnoFim1.0,Actinopteri,Unclassified,Perciformes,Anoplopomatidae,Anoplopoma
Anser_cygnoides,Anser cygnoides,PRJNA183603,Aves,Neognathae,Anseriformes,Anatidae,Anser
Ara_macao,Ara macao,SMACv1.1,Aves,Neognathae,Psittaciformes,Psittacidae,Ara
Myodes_glareolus,Myodes glareolus,ASM130578v1,Mammalia,Euarchontoglires,Rodentia,Cricetidae,Myodes
Rhamphochromis_esox,Rhamphochromis esox,ASM15093v1,Actinopteri,Cichlomorphae,Cichliformes,Cichlidae,Rhamphochromis
Anolis_carolinensis,Anolis carolinensis,goldenPath_anoCar2,Unclassified,Lepidosauria,Squamata,Iguanidae,Anolis
Anguilla_anguilla,Anguilla anguilla,v1,Actinopteri,Unclassified,Anguilliformes,Anguillidae,Anguilla
Apalone_spinifera,Apalone spinifera,Apla_1.0,Unclassified,Unclassified,Testudines,Trionychidae,Apalone
Boleophthalmus_pectinirostris,Boleophthalmus pectinirostris,1_BP,Actinopteri,Unclassified,Gobiiformes,Gobiidae,Boleophthalmus
Crotalus_mitchellii_pyrrhus,Crotalus mitchellii pyrrhus,CrotMitch1.0,Unclassified,Lepidosauria,Squamata,Viperidae,Crotalus
Eulemur_flavifrons,Eulemur flavifrons,Eflavifronsk33QCA,Mammalia,Euarchontoglires,Primates,Lemuridae,Eulemur
Giraffa_camelopardalis_tippelskirchi,Giraffa camelopardalis tippelskirchi,ASM165123v1,Mammalia,Laurasiatheria,Unclassified,Giraffidae,Giraffa
Ophiophagus_hannah,Ophiophagus hannah,OphHan1.0,Unclassified,Lepidosauria,Squamata,Elapidae,Ophiophagus
Pantherophis_guttatus,Pantherophis guttatus,PanGut1.0,Unclassified,Lepidosauria,Squamata,Colubridae,Pantherophis
Thunnus_orientalis,Thunnus orientalis,Ba_1.0,Actinopteri,Unclassified,Scombriformes,Scombridae,Thunnus
Vipera_berus,Vipera berus,Vber.be_1.0,Unclassified,Lepidosauria,Squamata,Viperidae,Vipera
Zosterops_lateralis,Zosterops lateralis,ASM128173v1,Aves,Neognathae,Passeriformes,Zosteropidae,Zosterops
Crotalus_horridus,Crotalus horridus,v1,Unclassified,Lepidosauria,Squamata,Viperidae,Crotalus
Pseudopleuronectes_yokohamae,Pseudopleuronectes yokohamae,Pyoko_1.0,Actinopteri,Unclassified,Pleuronectiformes,Pleuronectidae,Pseudopleuronectes
Amphilophus_citrinellus,Amphilophus citrinellus,Midas_v5,Actinopteri,Cichlomorphae,Cichliformes,Cichlidae,Amphilophus
Anguilla_japonica,Anguilla japonica,v1_25_oct_2011,Actinopteri,Unclassified,Anguilliformes,Anguillidae,Anguilla
Cyprinodon_nevadensis_pectoralis,Cyprinodon nevadensis pectoralis,v1,Actinopteri,Atherinomorphae,Cyprinodontiformes,Cyprinodontidae,Cyprinodon
Dicentrarchus_labrax,Dicentrarchus labrax,seabass_V1.0,Actinopteri,Unclassified,Unclassified,Moronidae,Dicentrarchus
Labeotropheus_fuelleborni,Labeotropheus fuelleborni,v1,Actinopteri,Cichlomorphae,Cichliformes,Cichlidae,Labeotropheus
Pampus_argenteus,Pampus argenteus,PamArg1.0,Actinopteri,Unclassified,Scombriformes,Stromateidae,Pampus
Periophthalmodon_schlosseri,Periophthalmodon schlosseri,PS,Actinopteri,Unclassified,Gobiiformes,Gobiidae,Periophthalmodon
Anguilla_rostrata,Anguilla rostrata,v1,Actinopteri,Unclassified,Anguilliformes,Anguillidae,Anguilla
Cottus_rhenanus,Cottus rhenanus,v1,Actinopteri,Unclassified,Perciformes,Cottidae,Cottus
Cyprinodon_variegatus,Cyprinodon variegatus,C_variegatus-1.0,Actinopteri,Atherinomorphae,Cyprinodontiformes,Cyprinodontidae,Cyprinodon
Kryptolebias_marmoratus,Kryptolebias marmoratus,v1,Actinopteri,Atherinomorphae,Cyprinodontiformes,Unclassified,Kryptolebias
Serinus_canaria,Serinus canaria,ncbi_100,Aves,Neognathae,Passeriformes,Fringillidae,Serinus
Takifugu_flavidus,Takifugu flavidus,v1,Actinopteri,Unclassified,Tetraodontiformes,Tetraodontidae,Takifugu
Cynops_pyrrhogaster,Cynops pyrrhogaster,sung-2016,Amphibia,Batrachia,Caudata,Salamandridae,Cynops
Cyprinus_carpio,Cyprinus carpio,v1_2015,Actinopteri,Cypriniphysae,Cypriniformes,Cyprinidae,Cyprinus
Ictalurus_punctatus,Ictalurus punctatus,IpCoco_1.2,Actinopteri,Characiphysae,Siluriformes,Ictaluridae,Ictalurus
Lates_calcarifer,Lates calcarifer,ASM164080v1,Actinopteri,Unclassified,Unclassified,Centropomidae,Lates
Lethenteron_camtschaticum,Lethenteron camtschaticum,LetJap1.0,Unclassified,Unclassified,Petromyzontiformes,Petromyzontidae,Lethenteron
Leuciscus_waleckii,Leuciscus waleckii,Amur_ide_v1,Actinopteri,Cypriniphysae,Cypriniformes,Cyprinidae,Leuciscus
Leucoraja_erinacea,Leucoraja erinacea,LER_WGS_1,Chondrichthyes,Batoidea,Rajiformes,Rajidae,Leucoraja
Mchenga_conophoros,Mchenga conophoros,ASM15085v1,Actinopteri,Cichlomorphae,Cichliformes,Cichlidae,Mchenga
Miichthys_miiuy,Miichthys miiuy,ASM159371v1,Actinopteri,Unclassified,Unclassified,Sciaenidae,Miichthys
Periophthalmus_magnuspinnatus,Periophthalmus magnuspinnatus,GCA_000787105,Actinopteri,Unclassified,Gobiiformes,Gobiidae,Periophthalmus
Pimephales_promelas,Pimephales promelas,GCA_000700825.1,Actinopteri,Cypriniphysae,Cypriniformes,Cyprinidae,Pimephales
Pygocentrus_nattereri,Pygocentrus nattereri,1.0.2,Actinopteri,Characiphysae,Characiformes,Serrasalmidae,Pygocentrus
Rhincodon_typus,Rhincodon typus,Rhincodon_v1,Chondrichthyes,Galeoidea,Orectolobiformes,Rhincodontidae,Unclassified
Scartelaos_histophorus,Scartelaos histophorus,SH,Actinopteri,Unclassified,Gobiiformes,Gobiidae,Scartelaos
Scleropages_formosus,Scleropages formosus,aro_v2,Actinopteri,Unclassified,Osteoglossiformes,Osteoglossidae,Scleropages
Sebastes_nigrocinctus,Sebastes nigrocinctus,Snig1.0,Actinopteri,Unclassified,Perciformes,Sebastidae,Sebastes
Sebastes_rubrivinctus,Sebastes rubrivinctus,SRub1.0,Actinopteri,Unclassified,Perciformes,Sebastidae,Sebastes
Sinocyclocheilus_rhinocerous,Sinocyclocheilus rhinocerous,SAMN03320098_v1,Actinopteri,Cypriniphysae,Cypriniformes,Cyprinidae,Sinocyclocheilus
Xiphophorus_couchianus,Xiphophorus couchianus,4.0.1,Actinopteri,Atherinomorphae,Cyprinodontiformes,Poeciliidae,Xiphophorus
Xiphophorus_hellerii,Xiphophorus hellerii,3.0.1,Actinopteri,Atherinomorphae,Cyprinodontiformes,Poeciliidae,Xiphophorus
Ellobius_lutescens,Ellobius lutescens,ASM168507v1,Mammalia,Euarchontoglires,Rodentia,Cricetidae,Ellobius
Ellobius_talpinus,Ellobius talpinus,ETalpinus_0.1,Mammalia,Euarchontoglires,Rodentia,Cricetidae,Ellobius
Manis_javanica,Manis javanica,ManJav1.0,Mammalia,Laurasiatheria,Pholidota,Manidae,Manis
Neotoma_lepida,Neotoma lepida,ASM167557v1,Mammalia,Euarchontoglires,Rodentia,Cricetidae,Neotoma
Okapia_johnstoni,Okapia johnstoni,ASM166083v1,Mammalia,Laurasiatheria,Unclassified,Giraffidae,Okapia
Mola_mola,Mola mola,ASM169857v1,Actinopteri,Unclassified,Tetraodontiformes,Molidae,Mola
Sinocyclocheilus_anshuiensis,Sinocyclocheilus anshuiensis,SAMN03320099,Actinopteri,Cypriniphysae,Cypriniformes,Cyprinidae,Sinocyclocheilus
Malaclemys_terrapin_terrapin,Malaclemys terrapin terrapin,terp_v2_2,Unclassified,Unclassified,Testudines,Emydidae,Malaclemys
Rhinopithecus_bieti,Rhinopithecus bieti,ASM169854v1,Mammalia,Euarchontoglires,Primates,Cercopithecidae,Rhinopithecus
Ailuropoda_melanoleuca,Ailuropoda melanoleuca,ensembl_79_ailMel1,Mammalia,Laurasiatheria,Carnivora,Ursidae,Ailuropoda
Amazona_vittata,Amazona vittata,AV1,Aves,Neognathae,Psittaciformes,Psittacidae,Amazona
Anas_platyrhynchos,Anas platyrhynchos,bgi_2011-10-28,Aves,Neognathae,Anseriformes,Anatidae,Anas
Aquila_chrysaetos_canadensis,Aquila chrysaetos canadensis,ncbi_100,Aves,Neognathae,Falconiformes,Accipitridae,Aquila
Balaenoptera_bonaerensis,Balaenoptera bonaerensis,ASM97880v1,Mammalia,Laurasiatheria,Cetacea,Balaenopteridae,Balaenoptera
Bos_taurus,Bos taurus,ensembl_79_UMD3.1,Mammalia,Laurasiatheria,Unclassified,Bovidae,Bos
Callithrix_jacchus,Callithrix jacchus,ensembl_79_C_jacchus3.2.1,Mammalia,Euarchontoglires,Primates,Cebidae,Callithrix
Canis_familiaris,Canis familiaris,ensembl_79_CanFam3.1,Mammalia,Laurasiatheria,Carnivora,Canidae,Canis
Cavia_aperea,Cavia aperea,CavAp1.0,Mammalia,Euarchontoglires,Rodentia,Caviidae,Cavia
Cavia_porcellus,Cavia porcellus,ensembl_79_cavPor3,Mammalia,Euarchontoglires,Rodentia,Caviidae,Cavia
Chlamydotis_macqueenii,Chlamydotis macqueenii,ASM69519v1,Aves,Neognathae,Gruiformes,Otididae,Chlamydotis
Choloepus_hoffmanni,Choloepus hoffmanni,ensembl_79_choHof1,Mammalia,Xenarthra,Pilosa,Megalonychidae,Choloepus
Colinus_virginianus,Colinus virginianus,NB1.1,Aves,Neognathae,Galliformes,Odontophoridae,Colinus
Cricetulus_griseus,Cricetulus griseus,CHO-K1-v1,Mammalia,Euarchontoglires,Rodentia,Cricetidae,Cricetulus
Dasypus_novemcinctus,Dasypus novemcinctus,ensembl_79_Dasnov3.0,Mammalia,Xenarthra,Cingulata,Dasypodidae,Dasypus
Echinops_telfairi,Echinops telfairi,ensembl_79_TENREC,Mammalia,Afrotheria,Unclassified,Tenrecidae,Echinops
Equus_caballus,Equus caballus,ensembl_79_EquCab2,Mammalia,Laurasiatheria,Perissodactyla,Equidae,Equus
Equus_ferus_przewalskii,Equus ferus przewalskii,ncbi_9798_15Dec2014,Mammalia,Laurasiatheria,Perissodactyla,Equidae,Equus
Equus_ferus_thistlecreek,Equus ferus thistlecreek,Henan_EquCab2_Jun30,Mammalia,Laurasiatheria,Perissodactyla,Equidae,Equus
Erinaceus_europaeus,Erinaceus europaeus,ensembl_79_HEDGEHOG,Mammalia,Laurasiatheria,Insectivora,Erinaceidae,Erinaceus
Falco_cherrug,Falco cherrug,F_cherrug_v1.0,Aves,Neognathae,Falconiformes,Falconidae,Falco
Felis_catus,Felis catus,ensembl_79_Felis_catus_6.2,Mammalia,Laurasiatheria,Carnivora,Felidae,Felis
Gallus_gallus,Gallus gallus,ensembl_Galgal4,Aves,Neognathae,Galliformes,Phasianidae,Gallus
Gorilla_gorilla,Gorilla gorilla,ensembl_79_gorGor3.1,Mammalia,Euarchontoglires,Primates,Hominidae,Gorilla
Homo_sapiens,Homo sapiens,ensembl_79_GRCh38,Mammalia,Euarchontoglires,Primates,Hominidae,Homo
Homo_sapiens,Homo sapiens,goldenpath_hg19_2009,Mammalia,Euarchontoglires,Primates,Hominidae,Homo
Lemur_catta,Lemur catta,26/06/2015,Mammalia,Euarchontoglires,Primates,Lemuridae,Lemur
Lepidothrix_coronata,Lepidothrix coronata,1,Aves,Neognathae,Passeriformes,Pipridae,Lepidothrix
Loxodonta_africana,Loxodonta africana,ensembl_79_loxAfr3,Mammalia,Afrotheria,Proboscidea,Elephantidae,Loxodonta
Macaca_mulatta,Macaca mulatta,ensembl_79_MMUL_1,Mammalia,Euarchontoglires,Primates,Cercopithecidae,Macaca
Macropus_eugenii,Macropus eugenii,ensembl_79_Meug_1.0,Mammalia,Unclassified,Diprotodontia,Macropodidae,Macropus
Microcebus_murinus,Microcebus murinus,ensembl_79_micMur1,Mammalia,Euarchontoglires,Primates,Cheirogaleidae,Microcebus
Monodelphis_domestica,Monodelphis domestica,ensembl_79_BROADO5,Mammalia,Unclassified,Didelphimorphia,Didelphidae,Monodelphis
Mus_musculus,Mus musculus,ensembl_79_GRCm38,Mammalia,Euarchontoglires,Rodentia,Muridae,Mus
Mus_musculus,Mus musculus,129S1_SvImJ,Mammalia,Euarchontoglires,Rodentia,Muridae,Mus
Mus_musculus,Mus musculus,A_J,Mammalia,Euarchontoglires,Rodentia,Muridae,Mus
Mus_musculus,Mus musculus,BALB_cJ,Mammalia,Euarchontoglires,Rodentia,Muridae,Mus
Mus_musculus,Mus musculus,C3H_HeJ,Mammalia,Euarchontoglires,Rodentia,Muridae,Mus
Mus_musculus,Mus musculus,CBA_J,Mammalia,Euarchontoglires,Rodentia,Muridae,Mus
Mus_musculus,Mus musculus,DBA_2J,Mammalia,Euarchontoglires,Rodentia,Muridae,Mus
Mus_musculus,Mus musculus,FVB_NJ,Mammalia,Euarchontoglires,Rodentia,Muridae,Mus
Mus_musculus,Mus musculus,LP_J,Mammalia,Euarchontoglires,Rodentia,Muridae,Mus
Mus_musculus,Mus musculus,NOD_ShiLtJ,Mammalia,Euarchontoglires,Rodentia,Muridae,Mus
Mus_musculus,Mus musculus,NZO_HlLtJ,Mammalia,Euarchontoglires,Rodentia,Muridae,Mus
Mustela_putorius_furo,Mustela putorius furo,ensembl_79_MusPutFur1.0,Mammalia,Laurasiatheria,Carnivora,Mustelidae,Mustela
Myotis_lucifugus,Myotis lucifugus,ensembl_79_Myoluc2.0,Mammalia,Laurasiatheria,Chiroptera,Vespertilionidae,Myotis
Ochotona_princeps,Ochotona princeps,ensembl_79_pika,Mammalia,Euarchontoglires,Lagomorpha,Ochotonidae,Ochotona
Ornithorhynchus_anatinus,Ornithorhynchus anatinus,ensembl_79_OANA5,Mammalia,Unclassified,Monotremata,Ornithorhynchidae,Ornithorhynchus
Oryctolagus_cuniculus,Oryctolagus cuniculus,ensembl_79_OryCun2.0,Mammalia,Euarchontoglires,Lagomorpha,Leporidae,Oryctolagus
Otolemur_garnettii,Otolemur garnettii,ensembl_79_OtoGar3,Mammalia,Euarchontoglires,Primates,Galagidae,Otolemur
Ovis_aries,Ovis aries,ensembl_79_Oar_v3.1,Mammalia,Laurasiatheria,Unclassified,Bovidae,Ovis
Pan_troglodytes,Pan troglodytes,ensembl_79_CHIMP2.1.4,Mammalia,Euarchontoglires,Primates,Hominidae,Pan
Papio_anubis,Papio anubis,ensembl_79_PapAnu2.0,Mammalia,Euarchontoglires,Primates,Cercopithecidae,Papio
Parus_major,Parus major,1.0.3,Aves,Neognathae,Passeriformes,Paridae,Parus
Phodopus_sungorus,Phodopus sungorus,Psun0.5,Mammalia,Euarchontoglires,Rodentia,Cricetidae,Phodopus
Phylloscopus_plumbeitarsus,Phylloscopus plumbeitarsus,GWplu1.0,Aves,Neognathae,Passeriformes,Phylloscopidae,Phylloscopus
Phylloscopus_trochiloides_viridanus,Phylloscopus trochiloides viridanus,GWvir1.0,Aves,Neognathae,Passeriformes,Phylloscopidae,Phylloscopus
Pongo_abelii,Pongo abelii,ensembl_79_PPYG2,Mammalia,Euarchontoglires,Primates,Hominidae,Pongo
Procavia_capensis,Procavia capensis,ensembl_79_proCap1,Mammalia,Afrotheria,Hyracoidea,Procaviidae,Procavia
Pteropus_vampyrus,Pteropus vampyrus,ensembl_79_pteVam1,Mammalia,Laurasiatheria,Chiroptera,Pteropodidae,Pteropus
Rattus_norvegicus,Rattus norvegicus,ensembl_79_Rnor_5.0,Mammalia,Euarchontoglires,Rodentia,Muridae,Rattus
Sarcophilus_harrisii,Sarcophilus harrisii,ensembl_79_DEVIL7.0,Mammalia,Unclassified,Dasyuromorphia,Dasyuridae,Sarcophilus
Sorex_araneus,Sorex araneus,ensembl_79_COMMON_SHREW1,Mammalia,Laurasiatheria,Insectivora,Soricidae,Sorex
Sturnus_vulgaris,Sturnus vulgaris,GCA_001447265.1,Aves,Neognathae,Passeriformes,Sturnidae,Sturnus
Sus_scrofa,Sus scrofa,ensembl_79_Sscrofa10.2,Mammalia,Laurasiatheria,Unclassified,Suidae,Sus
Tarsius_syrichta,Tarsius syrichta,ensembl_tarSyr1,Mammalia,Euarchontoglires,Primates,Tarsiidae,Tarsius
Tupaia_belangeri,Tupaia belangeri,ensembl_79_TREESHREW,Mammalia,Euarchontoglires,Scandentia,Tupaiidae,Tupaia
Tursiops_truncatus,Tursiops truncatus,ensembl_79_turTru1,Mammalia,Laurasiatheria,Cetacea,Delphinidae,Tursiops
Vicugna_pacos,Vicugna pacos,ensembl_79_vicPac1,Mammalia,Laurasiatheria,Unclassified,Camelidae,Vicugna
Bos_indicus,Bos indicus,Bos_indicus_1.0,Mammalia,Laurasiatheria,Unclassified,Bovidae,Bos
Microtus_agrestis,Microtus agrestis,ASM130599v1,Mammalia,Euarchontoglires,Rodentia,Cricetidae,Microtus
Gulo_gulo,Gulo gulo,Gulo_2.2,Mammalia,Laurasiatheria,Carnivora,Mustelidae,Gulo
Guentherus_altivela,Guentherus altivela,ASM90031259v1,Actinopteri,Ateleopodia,Ateleopodiformes,Ateleopodidae,Guentherus
Grus_japonensis,Grus japonensis,ver1.0,Aves,Neognathae,Gruiformes,Gruidae,Grus
Graphiurus_murinus,Graphiurus murinus,GraMur_v1_BIUU,Mammalia,Euarchontoglires,Rodentia,Gliridae,Graphiurus
Grammomys_surdaster,Grammomys surdaster,NIH_TR_1.0,Mammalia,Euarchontoglires,Rodentia,Muridae,Grammomys
Gopherus_evgoodei,Gopherus evgoodei,GopEvg1_v1,Unclassified,Unclassified,Testudines,Testudinidae,Gopherus
Gopherus_agassizii,Gopherus agassizii,ASM289641v1,Unclassified,Unclassified,Testudines,Testudinidae,Gopherus
Globicephala_melas,Globicephala melas,ASM654740v1,Mammalia,Laurasiatheria,Cetacea,Delphinidae,Globicephala
Glis_glis,Glis glis,GliGli_v1,Mammalia,Euarchontoglires,Rodentia,Gliridae,Glis
Gambusia_affinis,Gambusia affinis,ASM309773v1,Actinopteri,Atherinomorphae,Cyprinodontiformes,Poeciliidae,Gambusia
Gallirallus_okinawae,Gallirallus okinawae,Gallirallus_okinawae_ver1.0,Aves,Neognathae,Gruiformes,Rallidae,Gallirallus
Gadus_chalcogrammus,Gadus chalcogrammus,ASM90030257v1,Actinopteri,Unclassified,Gadiformes,Gadidae,Gadus
Gadiculus_argenteus,Gadiculus argenteus,ASM90030259v1,Actinopteri,Unclassified,Gadiformes,Gadidae,Gadiculus
Felis_nigripes,Felis nigripes,FelNig_v1_BIUU,Mammalia,Laurasiatheria,Carnivora,Felidae,Felis
Eumetopias_jubatus,Eumetopias jubatus,ASM402803v1,Mammalia,Laurasiatheria,Carnivora,Otariidae,Eumetopias
Eulemur_fulvus,Eulemur fulvus,EulFul_v1,Mammalia,Euarchontoglires,Primates,Lemuridae,Eulemur
Eschrichtius_robustus,Eschrichtius robustus,ASM218922v1,Mammalia,Laurasiatheria,Cetacea,Eschrichtiidae,Eschrichtius
Erythrura_gouldiae,Erythrura gouldiae,GouldianFinchv1,Aves,Neognathae,Passeriformes,Estrildidae,Erythrura
Erythrocebus_patas,Erythrocebus patas,EryPat_v1,Mammalia,Euarchontoglires,Primates,Cercopithecidae,Erythrocebus
Erpetoichthys_calabaricus,Erpetoichthys calabaricus,fErpCal1.1,Cladistia,Unclassified,Polypteriformes,Polypteridae,Erpetoichthys
Equus_zebra_hartmannae,Equus zebra hartmannae,Henan_16MAR2017,Mammalia,Laurasiatheria,Perissodactyla,Equidae,Equus
Equus_kiang,Equus kiang,Henan_21MAR2017,Mammalia,Laurasiatheria,Perissodactyla,Equidae,Equus
Equus_hemionus,Equus hemionus,Henan_21MAR2017,Mammalia,Laurasiatheria,Perissodactyla,Equidae,Equus
Equus_grevyi,Equus grevyi,Henan_16MAR2017,Mammalia,Laurasiatheria,Perissodactyla,Equidae,Equus
Equus_burchellii_quagga,Equus burchellii quagga,Henan_16MAR2017,Mammalia,Laurasiatheria,Perissodactyla,Equidae,Equus
Equus_burchellii_boehmi,Equus burchellii boehmi,Henan_16MAR2017,Mammalia,Laurasiatheria,Perissodactyla,Equidae,Equus
Equus_asinus_somalicus,Equus asinus somalicus,Henan_21MAR2017,Mammalia,Laurasiatheria,Perissodactyla,Equidae,Equus
Eptatretus_burgeri,Eptatretus burgeri,Eburgeri_3.2,Unclassified,Unclassified,Myxiniformes,Myxinidae,Eptatretus
Epinephelus_moara,Epinephelus moara,YSFRI_EMoa_1.0,Actinopteri,Unclassified,Perciformes,Serranidae,Epinephelus
Epinephelus_lanceolatus,Epinephelus lanceolatus,ASM528154v1,Actinopteri,Unclassified,Perciformes,Serranidae,Epinephelus
Eopsaltria_australis,Eopsaltria australis,eyr_v1,Aves,Neognathae,Passeriformes,Petroicidae,Eopsaltria
Eonycteris_spelaea,Eonycteris spelaea,Espe.v1,Mammalia,Laurasiatheria,Chiroptera,Pteropodidae,Eonycteris
Enhydra_lutris,Enhydra lutris,ASM228890v2,Mammalia,Laurasiatheria,Carnivora,Mustelidae,Enhydra
Emydura_subglobosa,Emydura subglobosa,1,Unclassified,Unclassified,Testudines,Chelidae,Emydura
Emydocephalus_ijimae,Emydocephalus ijimae,1,Unclassified,Lepidosauria,Squamata,Hydrophiidae,Emydocephalus
Empidonax_traillii,Empidonax traillii,GCA_003031625,Aves,Neognathae,Passeriformes,Tyrannidae,Empidonax
Dromaius_novaehollandiae,Dromaius novaehollandiae,GCA_003342905.1_droNov1,Aves,Palaeognathae,Casuariiformes,Dromaiidae,Dromaius
Dolichotis_patagonum,Dolichotis patagonum,DolPat_v1,Mammalia,Euarchontoglires,Rodentia,Caviidae,Dolichotis
Dipodomys_stephensi,Dipodomys stephensi,DipSte_v1_BIUU,Mammalia,Euarchontoglires,Rodentia,Heteromyidae,Dipodomys
Diphyllodes_magnificus,Diphyllodes magnificus,GCA_003713285.1,Aves,Neognathae,Passeriformes,Paradisaeidae,Diphyllodes
Dinomys_branickii,Dinomys branickii,DinBra_v1,Mammalia,Euarchontoglires,Rodentia,Dinomyidae,Dinomys
Diceros_bicornis,Diceros bicornis,DicBicMic_v1_BIUU,Mammalia,Laurasiatheria,Perissodactyla,Rhinocerotidae,Diceros
Dicerorhinus_sumatrensis_sumatrensis,Dicerorhinus sumatrensis sumatrensis,ASM284483v1,Mammalia,Laurasiatheria,Perissodactyla,Rhinocerotidae,Dicerorhinus
Desmodus_rotundus,Desmodus rotundus,GCA_002940915,Mammalia,Laurasiatheria,Chiroptera,Phyllostomidae,Desmodus
Dermatemys_mawii,Dermatemys mawii,1,Unclassified,Unclassified,Testudines,Dermatemydidae,Dermatemys
Dermochelys_coriacea,Dermochelys coriacea,GSC_toitle_1.0,Unclassified,Unclassified,Testudines,Dermochelyidae,Dermochelys
Denticeps_clupeoides,Denticeps clupeoides,fDenClu1.1,Actinopteri,Unclassified,Clupeiformes,Denticipitidae,Denticeps
Delphinapterus_leucas,Delphinapterus leucas,ASM228892v2,Mammalia,Laurasiatheria,Cetacea,Monodontidae,Delphinapterus
Daubentonia_madagascariensis,Daubentonia madagascariensis,DauMad_v1_BIUU,Mammalia,Euarchontoglires,Primates,Daubentoniidae,Daubentonia
Danionella_dracula,Danionella dracula,fDanDra1.1,Actinopteri,Cypriniphysae,Cypriniformes,Cyprinidae,Danionella
Damaliscus_lunatus,Damaliscus lunatus,CTB,Mammalia,Laurasiatheria,Unclassified,Bovidae,Damaliscus
Cuora_mccordi,Cuora mccordi,ASM384633v1,Unclassified,Unclassified,Testudines,Geoemydidae,Cuora
Cuora_amboinensis,Cuora amboinensis,Cuora_amboinensis-1.0,Unclassified,Unclassified,Testudines,Geoemydidae,Cuora
Ctenomys_sociabilis,Ctenomys sociabilis,CteSoc_v1,Mammalia,Euarchontoglires,Rodentia,Ctenomyidae,Ctenomys
Cryptoprocta_ferox,Cryptoprocta ferox,CryFer_v1_BIUU,Mammalia,Laurasiatheria,Carnivora,Eupleridae,Cryptoprocta
Crotalus_viridis,Crotalus viridis,CroVir2.0,Unclassified,Lepidosauria,Squamata,Viperidae,Crotalus
Crocidura_indochinensis,Crocidura indochinensis,CroInd_v1_BIUU,Mammalia,Laurasiatheria,Insectivora,Soricidae,Crocidura
Cricetomys_gambianus,Cricetomys gambianus,CriGam_v1,Mammalia,Euarchontoglires,Rodentia,Nesomyidae,Cricetomys
Craseonycteris_thonglongyai,Craseonycteris thonglongyai,CraTho_v1_BIUU,Mammalia,Laurasiatheria,Chiroptera,Craseonycteridae,Craseonycteris
Coryphaenoides_rupestris,Coryphaenoides rupestris,ASM289596v1,Actinopteri,Unclassified,Gadiformes,Macrouridae,Coryphaenoides
Corvus_hawaiiensis,Corvus hawaiiensis,GCA_003402825.1_Coha_1.0,Aves,Neognathae,Passeriformes,Corvidae,Corvus
Corapipo_altera,Corapipo altera,ASM394572v1,Aves,Neognathae,Passeriformes,Pipridae,Corapipo
Connochaetes_taurinus,Connochaetes taurinus,BWD,Mammalia,Laurasiatheria,Unclassified,Bovidae,Connochaetes
Collichthys_lucidus,Collichthys lucidus,ASM411991v1,Actinopteri,Unclassified,Unclassified,Sciaenidae,Collichthys
Clarias_batrachus,Clarias batrachus,ASM398787v1,Actinopteri,Characiphysae,Siluriformes,Clariidae,Clarias
Ciconia_boyciana,Ciconia boyciana,ver1.0,Aves,Neognathae,Ciconiiformes,Ciconiidae,Ciconia
Cirrhinus_molitorella,Cirrhinus molitorella,ASM402844v1,Actinopteri,Cypriniphysae,Cypriniformes,Cyprinidae,Cirrhinus
Cicinnurus_regius,Cicinnurus regius,GCA_003713305.1,Aves,Neognathae,Passeriformes,Paradisaeidae,Cicinnurus
Chrysolophus_pictus,Chrysolophus pictus,Chrysolophus_pictus_GenomeV1.0,Aves,Neognathae,Galliformes,Phasianidae,Chrysolophus
Chromis_chromis,Chromis chromis,ASM90030275v1,Actinopteri,Unclassified,Unclassified,Pomacentridae,Chromis
Choloepus_didactylus,Choloepus didactylus,ChoDid_v1_BIUU,Mammalia,Xenarthra,Pilosa,Megalonychidae,Choloepus
Chiloscyllium_punctatum,Chiloscyllium punctatum,Cpunctatum_v1.0,Chondrichthyes,Galeoidea,Orectolobiformes,Hemiscylliidae,Chiloscyllium
Chiloscyllium_plagiosum,Chiloscyllium plagiosum,ASM401019v1,Chondrichthyes,Galeoidea,Orectolobiformes,Hemiscylliidae,Chiloscyllium
Chelydra_serpentina,Chelydra serpentina,1,Unclassified,Unclassified,Testudines,Chelydridae,Chelydra
Chelonoidis_abingdonii,Chelonoidis abingdonii,ASM359739v1,Unclassified,Unclassified,Testudines,Testudinidae,Chelonoidis
Chatrabus_melanurus,Chatrabus melanurus,ASM90030263v1,Actinopteri,Unclassified,Batrachoidiformes,Batrachoididae,Chatrabus
Chaetophractus_vellerosus,Chaetophractus vellerosus,ChaVel_v1_BIUU,Mammalia,Xenarthra,Cingulata,Chlamyphoridae,Chaetophractus
Chaenocephalus_aceratus,Chaenocephalus aceratus,ASM90030267v1,Actinopteri,Unclassified,Perciformes,Channichthyidae,Chaenocephalus
Cervus_elaphus_hippelaphus,Cervus elaphus hippelaphus,Celaphus1.0,Mammalia,Laurasiatheria,Unclassified,Cervidae,Cervus
Ceratotherium_simum_cottoni,Ceratotherium simum cottoni,CerCot_v1_BIUU,Mammalia,Laurasiatheria,Perissodactyla,Rhinocerotidae,Ceratotherium
Cebus_albifrons,Cebus albifrons,CebAlb_v1_BIUU,Mammalia,Euarchontoglires,Primates,Cebidae,Cebus
Cavia_tschudii,Cavia tschudii,CavTsc_v1_BIUU,Mammalia,Euarchontoglires,Rodentia,Caviidae,Cavia
Catagonus_wagneri,Catagonus wagneri,CatWag_v1_BIUU,Mammalia,Laurasiatheria,Unclassified,Tayassuidae,Catagonus
Casuarius_casuarius,Casuarius casuarius,GCA_003342895.1_casCas1,Aves,Palaeognathae,Casuariiformes,Casuariidae,Casuarius
Castor_canadensis,Castor canadensis,CasCan_v1,Mammalia,Euarchontoglires,Rodentia,Castoridae,Castor
Carollia_perspicillata,Carollia perspicillata,CarPer_v1_BIUU,Mammalia,Laurasiatheria,Chiroptera,Phyllostomidae,Carollia
Carettochelys_insculpta,Carettochelys insculpta,1,Unclassified,Unclassified,Testudines,Carettochelyidae,Carettochelys
Capromys_pilorides,Capromys pilorides,CapPil_v1_BIUU,Mammalia,Euarchontoglires,Rodentia,Capromyidae,Capromys
Capra_sibirica,Capra sibirica,ASM318261v1,Mammalia,Laurasiatheria,Unclassified,Bovidae,Capra
Canis_lupus_dingo,Canis lupus dingo,ASM325472v1,Mammalia,Laurasiatheria,Carnivora,Canidae,Canis
Callorhinus_ursinus,Callorhinus ursinus,ASM326570v1,Mammalia,Laurasiatheria,Carnivora,Otariidae,Callorhinus
Callipepla_squamata,Callipepla squamata,ASM221830v1,Aves,Neognathae,Galliformes,Odontophoridae,Callipepla
Eurynorhynchus_pygmeus,Eurynorhynchus pygmeus,GCA_003697955,Aves,Neognathae,Charadriiformes,Scolopacidae,Eurynorhynchus
Bubo_blakistoni,Bubo blakistoni,ver1.0,Aves,Neognathae,Strigiformes,Strigidae,Bubo
Brotula_barbata,Brotula barbata,ASM90030326v1,Actinopteri,Unclassified,Ophidiiformes,Ophidiidae,Brotula
Brosme_brosme,Brosme brosme,ASM90030242v1,Actinopteri,Unclassified,Gadiformes,Lotidae,Brosme
Bregmaceros_cantori,Bregmaceros cantori,ASM90030239v1,Actinopteri,Unclassified,Gadiformes,Bregmacerotidae,Bregmaceros
Bradypus_variegatus,Bradypus variegatus,BraVar_v1_BIUU,Mammalia,Xenarthra,Pilosa,Bradypodidae,Bradypus
Boreogadus_saida,Boreogadus saida,ASM90030251v1,Actinopteri,Unclassified,Gadiformes,Gadidae,Boreogadus
Beryx_splendens,Beryx splendens,ASM90031256v1,Actinopteri,Unclassified,Beryciformes,Berycidae,Beryx
Betta_splendens,Betta splendens,GCA_003650155,Actinopteri,Unclassified,Anabantiformes,Osphronemidae,Betta
Benthosema_glaciale,Benthosema glaciale,ASM90032337v1,Actinopteri,Unclassified,Myctophiformes,Myctophidae,Benthosema
Beatragus_hunteri,Beatragus hunteri,BeaHun_v1_BIUU,Mammalia,Laurasiatheria,Unclassified,Bovidae,Beatragus
Bambusicola_thoracicus,Bambusicola thoracicus,Bthov1.0,Aves,Neognathae,Galliformes,Phasianidae,Bambusicola
Bathygadus_melanobranchus,Bathygadus melanobranchus,ASM90030237v1,Actinopteri,Unclassified,Gadiformes,Macrouridae,Bathygadus
Axis_porcinus,Axis porcinus,GCA_003798545,Mammalia,Laurasiatheria,Unclassified,Cervidae,Axis
Athene_cunicularia,Athene cunicularia,athCun1,Aves,Neognathae,Strigiformes,Strigidae,Athene
Astatotilapia_calliptera,Astatotilapia calliptera,fAstCal1.2,Actinopteri,Cichlomorphae,Cichliformes,Cichlidae,Astatotilapia
Arctogadus_glacialis,Arctogadus glacialis,ASM90030323v1,Actinopteri,Unclassified,Gadiformes,Gadidae,Arctogadus
Arctocephalus_gazella,Arctocephalus gazella,ArcGazv1.4,Mammalia,Laurasiatheria,Carnivora,Otariidae,Arctocephalus
Arapaima_gigas,Arapaima gigas,Agigas_genome_assembly_all_mixed_samples,Actinopteri,Unclassified,Osteoglossiformes,Osteoglossidae,Arapaima
Apteryx_rowi,Apteryx rowi,GCA_003343035,Aves,Palaeognathae,Apterygiformes,Apterygidae,Apteryx
Apteryx_haastii,Apteryx haastii,GCA_003342985.1_aptHaa1,Aves,Palaeognathae,Apterygiformes,Apterygidae,Apteryx
Antrozous_pallidus,Antrozous pallidus,AntPal_v1_BIUU,Mammalia,Laurasiatheria,Chiroptera,Vespertilionidae,Antrozous
Antilocapra_americana,Antilocapra americana,AntAmePen_v1_BIUU,Mammalia,Laurasiatheria,Unclassified,Antilocapridae,Antilocapra
Antennarius_striatus,Antennarius striatus,ASM90030327v1,Actinopteri,Unclassified,Lophiiformes,Antennariidae,Antennarius
Anoura_caudifer,Anoura caudifer,AnoCau_v1_BIUU,Mammalia,Laurasiatheria,Chiroptera,Phyllostomidae,Anoura
Anomalopteryx_didiformis,Anomalopteryx didiformis,anoDid_nucDNA_orig,Aves,Palaeognathae,Dinornithiformes,Emeidae,Anomalopteryx
Anas_zonorhyncha,Anas zonorhyncha,ASM222487v1,Aves,Neognathae,Anseriformes,Anatidae,Anas
Anabas_testudineus,Anabas testudineus,GCA_900324465,Actinopteri,Unclassified,Anabantiformes,Anabantidae,Anabas
Anabarilius_grahami,Anabarilius grahami,BGI_Agra_1.0,Actinopteri,Cypriniphysae,Cypriniformes,Cyprinidae,Anabarilius
Amphiprion_percula,Amphiprion percula,Nemo_v1,Actinopteri,Unclassified,Unclassified,Pomacentridae,Amphiprion
Amphiprion_ocellaris,Amphiprion ocellaris,AmpOce1.0,Actinopteri,Unclassified,Unclassified,Pomacentridae,Amphiprion
Amphiprion_frenatus,Amphiprion frenatus,AmpOce1.0,Actinopteri,Unclassified,Unclassified,Pomacentridae,Amphiprion
Alcelaphus_buselaphus,Alcelaphus buselaphus,HBT,Mammalia,Laurasiatheria,Unclassified,Bovidae,Alcelaphus
Alouatta_palliata,Alouatta palliata,AloPal_v1_BIUU,Mammalia,Euarchontoglires,Primates,Atelidae,Alouatta
Ageneiosus_inermis,Ageneiosus inermis,GCA_003347165.1,Actinopteri,Characiphysae,Siluriformes,Auchenipteridae,Ageneiosus
Aepyceros_melampus,Aepyceros melampus,IMP,Mammalia,Laurasiatheria,Unclassified,Bovidae,Aepyceros
Acridotheres_javanicus,Acridotheres javanicus,ASM284967v1,Aves,Neognathae,Passeriformes,Sturnidae,Acridotheres
Acomys_cahirinus,Acomys cahirinus,AcoCah_v1_BIUU,Mammalia,Euarchontoglires,Rodentia,Muridae,Acomys
Acipenser_ruthenus,Acipenser ruthenus,ASM411989v1,Actinopteri,Unclassified,Acipenseriformes,Acipenseridae,Acipenser
Zeus_faber,Zeus faber,ASM90032333v1,Actinopteri,Unclassified,Zeiformes,Zeidae,Zeus
Zapus_hudsonius,Zapus hudsonius,ZapHud_v1_BIUU,Mammalia,Euarchontoglires,Rodentia,Dipodidae,Zapus
Zalophus_californianus,Zalophus californianus,zalCal2.2,Mammalia,Laurasiatheria,Carnivora,Otariidae,Zalophus
Xerus_inauris,Xerus inauris,XerIna_v1_BIUU,Mammalia,Euarchontoglires,Rodentia,Sciuridae,Xerus
Vulpes_vulpes,Vulpes vulpes,VulVul2.2,Mammalia,Laurasiatheria,Carnivora,Canidae,Vulpes
Vulpes_lagopus,Vulpes lagopus,VulLag_v1_BIUU,Mammalia,Laurasiatheria,Carnivora,Canidae,Vulpes
Vombatus_ursinus,Vombatus ursinus,WM_v1.0,Mammalia,Unclassified,Diprotodontia,Vombatidae,Vombatus
Varanus_komodoensis,Varanus komodoensis,ASM479886v1,Unclassified,Lepidosauria,Squamata,Varanidae,Varanus
Ursus_arctos_horribilis,Ursus arctos horribilis,ASM358476v1,Mammalia,Laurasiatheria,Carnivora,Ursidae,Ursus
Ursus_americanus,Ursus americanus,GCA_003344425.1_ASM334442v1,Mammalia,Laurasiatheria,Carnivora,Ursidae,Ursus
Uropsilus_gracilis,Uropsilus gracilis,UroGra_v1_BIUU,Mammalia,Laurasiatheria,Insectivora,Talpidae,Uropsilus
Urocitellus_parryii,Urocitellus parryii,ASM342692v1,Mammalia,Euarchontoglires,Rodentia,Sciuridae,Urocitellus
Urile_pelagicus,Urile pelagicus,ASM217343v1,Aves,Neognathae,Pelecaniformes,Phalacrocoracidae,Urile
Uria_lomvia,Uria lomvia,UriLom_1.1,Aves,Neognathae,Charadriiformes,Alcidae,Uria
Typhlichthys_subterraneus,Typhlichthys subterraneus,ASM90030240v1,Actinopteri,Unclassified,Percopsiformes,Amblyopsidae,Typhlichthys
Tympanuchus_cupido,Tympanuchus cupido,GPC_3440_v1,Aves,Neognathae,Galliformes,Phasianidae,Tympanuchus
Tursiops_aduncus,Tursiops aduncus,ASM322739v1,Mammalia,Laurasiatheria,Cetacea,Delphinidae,Tursiops
Trisopterus_minutus,Trisopterus minutus,ASM90030241v1,Actinopteri,Unclassified,Gadiformes,Gadidae,Trisopterus
Tragulus_javanicus,Tragulus javanicus,TraJav_v1_BIUU,Mammalia,Laurasiatheria,Unclassified,Tragulidae,Tragulus
Trachinotus_ovatus,Trachinotus ovatus,golden_pompano_genome_number_1,Actinopteri,Unclassified,Carangiformes,Carangidae,Trachinotus
Tonatia_saurophila,Tonatia saurophila,TonSau_v1_BIUU,Mammalia,Laurasiatheria,Chiroptera,Phyllostomidae,Tonatia
Tolypeutes_matacus,Tolypeutes matacus,TolMat_v1,Mammalia,Xenarthra,Cingulata,Chlamyphoridae,Tolypeutes
Thymallus_thymallus,Thymallus thymallus,ASM434828v1,Actinopteri,Unclassified,Salmoniformes,Salmonidae,Thymallus
Thylacine_cynocephalus,EXTINCT,Refassem_1,,,,,
Thunnus_thynnus,Thunnus thynnus,GBYP_Tthy_1.0,Actinopteri,Unclassified,Scombriformes,Scombridae,Thunnus
Thunnus_albacares,Thunnus albacares,ASM90030262v1,Actinopteri,Unclassified,Scombriformes,Scombridae,Thunnus
Thryonomys_swinderianus,Thryonomys swinderianus,ThrSwi_v1_BIUU,Mammalia,Euarchontoglires,Rodentia,Thryonomyidae,Thryonomys
Theropithecus_gelada,Theropithecus gelada,Tgel_1.0,Mammalia,Euarchontoglires,Primates,Cercopithecidae,Theropithecus
Terrapene_mexicana_triunguis,Terrapene mexicana triunguis,T_m_triunguis-1.0,Unclassified,Unclassified,Testudines,Emydidae,Terrapene
Tenualosa_ilisha,Tenualosa ilisha,ASM365119v1,Actinopteri,Unclassified,Clupeiformes,Clupeidae,Tenualosa
Taxidea_taxus,Taxidea taxus,GCA_003697995,Mammalia,Laurasiatheria,Carnivora,Mustelidae,Taxidea
Tapirus_indicus,Tapirus indicus,TapInd_v1_BIUU,Mammalia,Laurasiatheria,Perissodactyla,Tapiridae,Tapirus
Tamandua_tetradactyla,Tamandua tetradactyla,TamTet_v1,Mammalia,Xenarthra,Pilosa,Myrmecophagidae,Tamandua
Takifugu_bimaculatus,Takifugu bimaculatus,ASM402614v1,Actinopteri,Unclassified,Tetraodontiformes,Tetraodontidae,Takifugu
Tachysurus_fulvidraco,Tachysurus fulvidraco,GCA_003724035.1,Actinopteri,Characiphysae,Siluriformes,Bagridae,Tachysurus
Tachycineta_bicolor,Tachycineta bicolor,CLO_TRES_1,Aves,Neognathae,Passeriformes,Hirundinidae,Tachycineta
Syngnathus_scovelli,Syngnathus scovelli,ssc_2016_12_20_chromlevel,Actinopteri,Unclassified,Syngnathiformes,Syngnathidae,Syngnathus
Syncerus_caffer,Syncerus caffer,GCA_006408785_ABF,Mammalia,Laurasiatheria,Unclassified,Bovidae,Syncerus
Symphodus_melops,Symphodus melops,CHI06,Actinopteri,Unclassified,Labriformes,Labridae,Symphodus
Sylvicapra_grimmia,Sylvicapra grimmia,CMD,Mammalia,Laurasiatheria,Unclassified,Bovidae,Sylvicapra
Suricata_suricatta,Suricata suricatta,SurSur_v1_BIUU,Mammalia,Laurasiatheria,Carnivora,Herpestidae,Suricata
Stylephorus_chordatus,Stylephorus chordatus,ASM90031261v1,Actinopteri,Unclassified,Stylephoriformes,Stylephoridae,Stylephorus
Strix_occidentalis_caurina,Strix occidentalis caurina,Soccid_v01,Aves,Neognathae,Strigiformes,Strigidae,Strix
Strigops_habroptilus,Strigops habroptilus,bStrHab1_v1,Aves,Neognathae,Psittaciformes,Psittacidae,Strigops
Sporophila_hypoxantha,Sporophila hypoxantha,SpoHypox2.0,Aves,Neognathae,Passeriformes,Thraupidae,Sporophila
Sphenodon_punctatus,Sphenodon punctatus,GCA_003113815,Unclassified,Lepidosauria,Sphenodontia,Sphenodontidae,Sphenodon
Spheniscus_mendiculus,Spheniscus mendiculus,ASM326465v1,Aves,Neognathae,Sphenisciformes,Spheniscidae,Spheniscus
Spheniscus_magellanicus,Spheniscus magellanicus,ASM326471v1,Aves,Neognathae,Sphenisciformes,Spheniscidae,Spheniscus
Spheniscus_humboldti,Spheniscus humboldti,ASM326454v1,Aves,Neognathae,Sphenisciformes,Spheniscidae,Spheniscus
Spermophilus_dauricus,Spermophilus dauricus,ASM240643v1,Mammalia,Euarchontoglires,Rodentia,Sciuridae,Spermophilus
Sparus_aurata,Sparus aurata,ASM330901v1,Actinopteri,Unclassified,Spariformes,Sparidae,Sparus
Sousa_chinensis,Sousa chinensis,ASM352133v1,Mammalia,Laurasiatheria,Cetacea,Delphinidae,Sousa
Solenodon_paradoxus_woodi,Solenodon paradoxus woodi,ASM290108v1,Mammalia,Laurasiatheria,Insectivora,Solenodontidae,Solenodon
Simochromis_diagramma,Simochromis diagramma,fSimDia1.1,Actinopteri,Cichlomorphae,Cichliformes,Cichlidae,Simochromis
Sigmodon_hispidus,Sigmodon hispidus,SigHis_v1,Mammalia,Euarchontoglires,Rodentia,Cricetidae,Sigmodon
Setophaga_coronata,Setophaga coronata,mywagenomev1.1,Aves,Neognathae,Passeriformes,Parulidae,Setophaga
Seriola_rivoliana,Seriola rivoliana,ASM299450v1,Actinopteri,Unclassified,Carangiformes,Carangidae,Seriola
Seriola_quinqueradiata,Seriola quinqueradiata,Squ_1.0,Actinopteri,Unclassified,Carangiformes,Carangidae,Seriola
Seriola_lalandi_dorsalis,Seriola lalandi dorsalis,Sedor1,Actinopteri,Unclassified,Carangiformes,Carangidae,Seriola
Seriola_dumerili,Seriola dumerili,Sdu_1.0,Actinopteri,Unclassified,Carangiformes,Carangidae,Seriola
Semnopithecus_entellus,Semnopithecus entellus,SemEnt_v1,Mammalia,Euarchontoglires,Primates,Cercopithecidae,Semnopithecus
Sebastes_steindachneri,Sebastes steindachneri,ASM191078v1,Actinopteri,Unclassified,Perciformes,Sebastidae,Sebastes
Sebastes_minor,Sebastes minor,ASM191076v1,Actinopteri,Unclassified,Perciformes,Sebastidae,Sebastes
Sebastes_aleutianus,Sebastes aleutianus,ASM191080v1,Actinopteri,Unclassified,Perciformes,Sebastidae,Sebastes
Scyliorhinus_torazame,Scyliorhinus torazame,Storazame_v1.0,Chondrichthyes,Galeoidea,Carcharhiniformes,Scyliorhinidae,Scyliorhinus
Scophthalmus_maximus,Scophthalmus maximus,ASM318616v1,Actinopteri,Unclassified,Pleuronectiformes,Scophthalmidae,Scophthalmus
Scalopus_aquaticus,Scalopus aquaticus,ScaAqu_v1,Mammalia,Laurasiatheria,Insectivora,Talpidae,Scalopus
Sardina_pilchardus,Sardina pilchardus,SP_G,Actinopteri,Unclassified,Clupeiformes,Clupeidae,Sardina
Saxicola_maurus,Saxicola maurus,Saxicola_maurus.2,Aves,Neognathae,Passeriformes,Muscicapidae,Saxicola
Sardina_pilchardus,Sardina pilchardus,1_UP_Spi,Actinopteri,Unclassified,Clupeiformes,Clupeidae,Sardina
Salvelinus_alpinus,Salvelinus alpinus,ASM291031v2,Actinopteri,Unclassified,Salmoniformes,Salmonidae,Salvelinus
Salvator_merianae,Salvator merianae,HLtupMer6,Unclassified,Lepidosauria,Squamata,Teiidae,Salvator
Salarias_fasciatus,Salarias fasciatus,fSalaFa1.1,Actinopteri,Unclassified,Blenniiformes,Blenniidae,Salarias
Saiga_tatarica,Saiga tatarica,SaiTat_v1,Mammalia,Laurasiatheria,Unclassified,Bovidae,Saiga
Saguinus_imperator,Saguinus imperator,SagImp_v1_BIUU,Mammalia,Euarchontoglires,Primates,Cebidae,Saguinus
Rondeletia_loricata,Rondeletia loricata,ASM90030260v1,Actinopteri,Unclassified,Beryciformes,Rondeletiidae,Rondeletia
Rhizomys_pruinosus,Rhizomys pruinosus,RhiPru_v1_BIUU,Mammalia,Euarchontoglires,Rodentia,Spalacidae,Rhizomys
Rhinolophus_sinicus,Rhinolophus sinicus,ASM188883v1,Mammalia,Laurasiatheria,Chiroptera,Rhinolophidae,Rhinolophus
Rhinella_marina,Rhinella marina,GCA_900303285,Amphibia,Batrachia,Anura,Bufonidae,Rhinella
Rhea_americana,Rhea americana,GCA_003343005.1_rheAme1,Aves,Palaeognathae,Rheiformes,Rheidae,Rhea
Reinhardtius_hippoglossoides,Reinhardtius hippoglossoides,ASM618292v1,Actinopteri,Unclassified,Pleuronectiformes,Pleuronectidae,Reinhardtius
Regalecus_glesne,Regalecus glesne,ASM90030258v1,Actinopteri,Unclassified,Lampriformes,Regalecidae,Regalecus
Redunca_redunca,Redunca redunca,BHR,Mammalia,Laurasiatheria,Unclassified,Bovidae,Redunca
Recurvirostra_avosetta,Recurvirostra avosetta,ASM402374v1,Aves,Neognathae,Charadriiformes,Recurvirostridae,Recurvirostra
Raphicerus_campestris,Raphicerus campestris,SNB,Mammalia,Laurasiatheria,Unclassified,Bovidae,Raphicerus
Rangifer_tarandus,Rangifer tarandus,RanTarSib_v1_BIUU,Mammalia,Laurasiatheria,Unclassified,Cervidae,Rangifer
Rana_catesbeiana,Rana catesbeiana,RCv2.1,Amphibia,Batrachia,Anura,Ranidae,Rana
Pyxicephalus_adspersus,Pyxicephalus adspersus,Pads_1.0,Amphibia,Batrachia,Anura,Pyxicephalidae,Pyxicephalus
Pygoscelis_papua,Pygoscelis papua,ASM326461v1,Aves,Neognathae,Sphenisciformes,Spheniscidae,Pygoscelis
Pygoscelis_antarcticus,Pygoscelis antarcticus,ASM326459v1,Aves,Neognathae,Sphenisciformes,Spheniscidae,Pygoscelis
Pygathrix_nemaeus,Pygathrix nemaeus,PygNem_v1_BIUU,Mammalia,Euarchontoglires,Primates,Cercopithecidae,Pygathrix
Pungitius_pungitius,Pungitius pungitius,ASM339955v1,Actinopteri,Unclassified,Perciformes,Gasterosteidae,Pungitius
Puma_concolor,Puma concolor,GCF_003327715.1_PumCon1.0,Mammalia,Laurasiatheria,Carnivora,Felidae,Puma
Pteronura_brasiliensis,Pteronura brasiliensis,PteBra_v1_BIUU,Mammalia,Laurasiatheria,Carnivora,Mustelidae,Pteronura
Pterocnemia_pennata,Pterocnemia pennata,GCA_003342835.1_rhePen1,Aves,Palaeognathae,Rheiformes,Rheidae,Pterocnemia
Psittacula_krameri,Psittacula krameri,P.krameri1.0,Aves,Neognathae,Psittaciformes,Psittacidae,Psittacula
Pseudonaja_textilis,Pseudonaja textilis,EBS10Xv,Unclassified,Lepidosauria,Squamata,Elapidae,Pseudonaja
Pseudois_nayaur,Pseudois nayaur,ASM318257v1,Mammalia,Laurasiatheria,Unclassified,Bovidae,Pseudois
Psammomys_obesus,Psammomys obesus,ASM221593v1,Mammalia,Euarchontoglires,Rodentia,Muridae,Psammomys
Przewalskium_albirostris,Przewalskium albirostris,WLD,Mammalia,Laurasiatheria,Unclassified,Cervidae,Przewalskium
Protobothrops_flavoviridis,Protobothrops flavoviridis,GCA_003402635.1_HabAm_1.0,Unclassified,Lepidosauria,Squamata,Viperidae,Protobothrops
Prolemur_simus,Prolemur simus,Prosim_1.0,Mammalia,Euarchontoglires,Primates,Lemuridae,Prolemur
Procapra_przewalskii,Procapra przewalskii,PLG,Mammalia,Laurasiatheria,Unclassified,Bovidae,Procapra
Prionailurus_bengalensis_euptilurus,Prionailurus bengalensis euptilurus,v01,Mammalia,Laurasiatheria,Carnivora,Felidae,Prionailurus
Poropuntius_huangchuchieni,Poropuntius huangchuchieni,ASM412479v1,Actinopteri,Cypriniphysae,Cypriniformes,Cyprinidae,Poropuntius
Pogona_vitticeps,Pogona vitticeps,pvi1.1,Unclassified,Lepidosauria,Squamata,Agamidae,Pogona
Podocnemis_expansa,Podocnemis expansa,1,Unclassified,Unclassified,Testudines,Podocnemididae,Podocnemis
Podarcis_muralis,Podarcis muralis,PodMur_1.0,Unclassified,Lepidosauria,Squamata,Lacertidae,Podarcis
Plecturocebus_donacophilus,Plecturocebus donacophilus,CalDon_v1_BIUU,Mammalia,Euarchontoglires,Primates,Pitheciidae,Plecturocebus
Platysternon_megacephalum,Platysternon megacephalum,ASM394214v1,Unclassified,Unclassified,Testudines,Platysternidae,Platysternon
Platanista_minor,Platanista minor,PlaMin_v1_BIUU,Mammalia,Laurasiatheria,Cetacea,Platanistidae,Platanista
Mugil_soiuy,Mugil soiuy,Liza_haematocheila_0.1,Actinopteri,Unclassified,Mugiliformes,Mugilidae,Mugil
Pithecia_pithecia,Pithecia pithecia,PitPit_v1,Mammalia,Euarchontoglires,Primates,Pitheciidae,Pithecia
Pipra_filicauda,Pipra filicauda,ASM394559v1,Aves,Neognathae,Passeriformes,Pipridae,Pipra
Pipistrellus_pipistrellus,Pipistrellus pipistrellus,PipPip_v1,Mammalia,Laurasiatheria,Chiroptera,Vespertilionidae,Pipistrellus
Phyllostomus_discolor,Phyllostomus discolor,mPhyDis1_v1,Mammalia,Laurasiatheria,Chiroptera,Phyllostomidae,Phyllostomus
Phycis_phycis,Phycis phycis,ASM90030233v1,Actinopteri,Unclassified,Gadiformes,Phycidae,Phycis
Phycis_blennoides,Phycis blennoides,ASM90030231v1,Actinopteri,Unclassified,Gadiformes,Phycidae,Phycis
Phocoena_phocoena,Phocoena phocoena,GCA_003071005,Mammalia,Laurasiatheria,Cetacea,Phocoenidae,Phocoena
Philantomba_maxwellii,Philantomba maxwellii,MXD,Mammalia,Laurasiatheria,Unclassified,Bovidae,Philantomba
Phasianus_colchicus,Phasianus colchicus,ASM414374v1,Aves,Neognathae,Galliformes,Phasianidae,Phasianus
Phascolarctos_cinereus,Phascolarctos cinereus,phaCin_unsw_v4.1,Mammalia,Unclassified,Diprotodontia,Phascolarctidae,Phascolarctos
Phalacrocorax_harrisi,Phalacrocorax harrisi,Pharrisi_ref_V1,Aves,Neognathae,Pelecaniformes,Phalacrocoracidae,Nannopterum
Petromus_typicus,Petromus typicus,PetTyp_v1_BIUU,Mammalia,Euarchontoglires,Rodentia,Petromuridae,Petromus
Peromyscus_polionotus_subgriseus,Peromyscus polionotus subgriseus,HU_Ppol_1.3,Mammalia,Euarchontoglires,Rodentia,Cricetidae,Peromyscus
Perca_fluviatilis,Perca fluviatilis,UTU_Pfluv_1.1,Actinopteri,Unclassified,Perciformes,Percidae,Perca
Perca_flavescens,Perca flavescens,PFLA_1.0,Actinopteri,Unclassified,Perciformes,Percidae,Perca
Pelusios_castaneus,Pelusios castaneus,1,Unclassified,Unclassified,Testudines,Pelomedusidae,Pelusios
Patagioenas_fasciata,Patagioenas fasciata,NIATT_ARIZONA,Aves,Neognathae,Columbiformes,Columbidae,Patagioenas
Passer_domesticus,Passer domesticus,Passer_domesticus-1.0,Aves,Neognathae,Passeriformes,Passeridae,Passer
Parotia_lawesii,Parotia lawesii,GCA_003713295,Aves,Neognathae,Passeriformes,Paradisaeidae,Parotia
Paroedura_picta,Paroedura picta,Ppicta_assembly_v1,Unclassified,Lepidosauria,Squamata,Gekkonidae,Paroedura
Paramormyrops_kingsleyae,Paramormyrops kingsleyae,PKING1,Actinopteri,Unclassified,Osteoglossiformes,Mormyridae,Paramormyrops
Parambassis_ranga,Parambassis ranga,fParRan2.1,Actinopteri,Unclassified,Unclassified,Ambassidae,Pseudambassis
Paralichthys_olivaceus,Paralichthys olivaceus,V1.0,Actinopteri,Unclassified,Pleuronectiformes,Paralichthyidae,Paralichthys
Paradoxurus_hermaphroditus,Paradoxurus hermaphroditus,ParHer_v1_BIUU,Mammalia,Laurasiatheria,Carnivora,Viverridae,Paradoxurus
Paradisaea_rubra,Paradisaea rubra,GCA_003713215,Aves,Neognathae,Passeriformes,Paradisaeidae,Paradisaea
Paradisaea_raggiana,Paradisaea raggiana,GCA_003713265,Aves,Neognathae,Passeriformes,Paradisaeidae,Paradisaea
Parablennius_parvicornis,Parablennius parvicornis,ASM90030274v1,Actinopteri,Unclassified,Blenniiformes,Blenniidae,Parablennius
Panthera_pardus,Panthera pardus,PanPar1.0,Mammalia,Laurasiatheria,Carnivora,Felidae,Panthera
Panthera_onca,Panthera onca,PanOnc_v1_BIUU,Mammalia,Laurasiatheria,Carnivora,Felidae,Panthera
Pangasianodon_hypophthalmus,Pangasianodon hypophthalmus,VN_pangasius,Actinopteri,Characiphysae,Siluriformes,Pangasiidae,Pangasianodon
Pagrus_major,Pagrus major,Pmaj_1.0,Actinopteri,Unclassified,Spariformes,Sparidae,Pagrus
Ovis_aries,Ovis aries,Oar_rambouillet_v1.0,Mammalia,Laurasiatheria,Unclassified,Bovidae,Ovis
Ourebia_ourebi,Ourebia ourebi,ORB,Mammalia,Laurasiatheria,Unclassified,Bovidae,Ourebia
Oryzias_melastigma,Oryzias melastigma,Om_v0.7.RACA,Actinopteri,Atherinomorphae,Beloniformes,Adrianichthyidae,Oryzias
Oryx_gazella,Oryx gazella,UCDavis_Ogaz_1,Mammalia,Laurasiatheria,Unclassified,Bovidae,Oryx
Oryx_gazella,Oryx gazella,GMB,Mammalia,Laurasiatheria,Unclassified,Bovidae,Oryx
Ornithorhynchus_anatinus,Ornithorhynchus anatinus,mOrnAna1,Mammalia,Unclassified,Monotremata,Ornithorhynchidae,Ornithorhynchus
Oplegnathus_fasciatus,Oplegnathus fasciatus,ASM341684v1,Actinopteri,Unclassified,Centrarchiformes,Oplegnathidae,Oplegnathus
Onychomys_torridus,Onychomys torridus,OnyTor_v1_BIUU,Mammalia,Euarchontoglires,Rodentia,Cricetidae,Onychomys
Ondatra_zibethicus,Ondatra zibethicus,OndZib_v1,Mammalia,Euarchontoglires,Rodentia,Cricetidae,Ondatra
Oncorhynchus_tshawytscha,Oncorhynchus tshawytscha,USMARCv1.0,Actinopteri,Unclassified,Salmoniformes,Salmonidae,Oncorhynchus
Oncorhynchus_kisutch,Oncorhynchus kisutch,Okis_V1,Actinopteri,Unclassified,Salmoniformes,Salmonidae,Oncorhynchus
Odocoileus_virginianus,Odocoileus virginianus,Ovir.te_1.0,Mammalia,Laurasiatheria,Unclassified,Cervidae,Odocoileus
Odocoileus_hemionus,Odocoileus hemionus,GCA_003697985.1,Mammalia,Laurasiatheria,Unclassified,Cervidae,Odocoileus
Octomys_mimax,Octomys mimax,Oct_mimax_AO248_v1,Mammalia,Euarchontoglires,Rodentia,Octodontidae,Octomys
Nycticebus_coucang,Nycticebus coucang,NycCou_v1_BIUU,Mammalia,Euarchontoglires,Primates,Lorisidae,Nycticebus
Numida_meleagris,Numida meleagris,NumMel1.0,Aves,Neognathae,Galliformes,Numididae,Numida
Nothoprocta_perdicaria,Nothoprocta perdicaria,GCF_003342845.1_notPer1,Aves,Palaeognathae,Tinamiformes,Tinamidae,Nothoprocta
Notechis_scutatus,Notechis scutatus,TS10Xv2-PR,Unclassified,Lepidosauria,Squamata,Elapidae,Notechis
Noctilio_leporinus,Noctilio leporinus,NocLep_v1_BIUU,Mammalia,Laurasiatheria,Chiroptera,Noctilionidae,Noctilio
Neovison_vison,Neovison vison,NNQGG.v01,Mammalia,Laurasiatheria,Carnivora,Mustelidae,Neovison
Neophocaena_asiaeorientalis,Neophocaena asiaeorientalis,V1,Mammalia,Laurasiatheria,Cetacea,Phocoenidae,Neophocaena
Neomonachus_schauinslandi,Neomonachus schauinslandi,ASM220157v1,Mammalia,Laurasiatheria,Carnivora,Phocidae,Monachus
Nannopterum_harrisi,Nannopterum harrisi,Pharrisi_ref_V1,Aves,Neognathae,Pelecaniformes,Phalacrocoracidae,Nannopterum
Nannopterum_brasilianus,Nannopterum brasilianus,ASM210954v1,Aves,Neognathae,Pelecaniformes,Phalacrocoracidae,Nannopterum
Myrmecophaga_tridactyla,Myrmecophaga tridactyla,MyrTri_v1_BIUU,Mammalia,Xenarthra,Pilosa,Myrmecophagidae,Myrmecophaga
Myodes_glareolus,Myodes glareolus,ASM436859v1,Mammalia,Euarchontoglires,Rodentia,Cricetidae,Myodes
Myocastor_coypus,Myocastor coypus,MyoCoy_v1_BIUU,Mammalia,Euarchontoglires,Rodentia,Myocastoridae,Myocastor
Muscardinus_avellanarius,Muscardinus avellanarius,MusAve_v1,Mammalia,Euarchontoglires,Rodentia,Gliridae,Muscardinus
Mus_spicilegus,Mus spicilegus,GCA_003336285.1_MUSP714,Mammalia,Euarchontoglires,Rodentia,Muridae,Mus
Mus_musculus,Mus musculus,goldenpath_mm9,Mammalia,Euarchontoglires,Rodentia,Muridae,Mus
Murina_aurata_feae,Murina aurata feae,MurFea_v1,Mammalia,Laurasiatheria,Chiroptera,Vespertilionidae,Murina
Muntiacus_reevesi,Muntiacus reevesi,CIJ,Mammalia,Laurasiatheria,Unclassified,Cervidae,Muntiacus
Muntiacus_muntjak,Muntiacus muntjak,CMJ,Mammalia,Laurasiatheria,Unclassified,Cervidae,Muntiacus
Muntiacus_crinifrons,Muntiacus crinifrons,BMJ,Mammalia,Laurasiatheria,Unclassified,Cervidae,Muntiacus
Moschus_moschiferus,Moschus moschiferus,MosMos_v1_BIUU,Mammalia,Laurasiatheria,Unclassified,Moschidae,Moschus
Moschus_chrysogaster,Moschus chrysogaster,NPU_MCHR_1.0,Mammalia,Laurasiatheria,Unclassified,Moschidae,Moschus
Moschus_berezovskii,Moschus berezovskii,NPU_MBRE_1.0,Mammalia,Laurasiatheria,Unclassified,Moschidae,Moschus
Moschus_berezovskii,Moschus berezovskii,FMD,Mammalia,Laurasiatheria,Unclassified,Moschidae,Moschus
Mormoops_blainvillei,Mormoops blainvillei,MorMeg_v1,Mammalia,Laurasiatheria,Chiroptera,Mormoopidae,Mormoops
Mora_moro,Mora moro,Mora_mora_assembly,Actinopteri,Unclassified,Gadiformes,Moridae,Mora
Monopterus_albus,Monopterus albus,M_albus_1.0,Actinopteri,Unclassified,Synbranchiformes,Synbranchidae,Monopterus
Monodon_monoceros,Monodon monoceros,NGI_Narwhal_1,Mammalia,Laurasiatheria,Cetacea,Monodontidae,Monodon
Monodon_monoceros,Monodon monoceros,MonMon_v1,Mammalia,Laurasiatheria,Cetacea,Monodontidae,Monodon
Mirza_coquereli,Mirza coquereli,MizCoq_v1_BIUU,Mammalia,Euarchontoglires,Primates,Cheirogaleidae,Mirza
Mirounga_angustirostris,Mirounga angustirostris,MirAng_v1_BIUU,Mammalia,Laurasiatheria,Carnivora,Phocidae,Mirounga
Miniopterus_schreibersii,Miniopterus schreibersii,MinSch_v1,Mammalia,Laurasiatheria,Chiroptera,Vespertilionidae,Miniopterus
Micropterus_floridanus,Micropterus floridanus,ASM259238v1,Actinopteri,Unclassified,Centrarchiformes,Centrarchidae,Micropterus
Microgale_talazaci,Microgale talazaci,MicTal_v1_BIUU,Mammalia,Afrotheria,Unclassified,Tenrecidae,Microgale
Microcaecilia_unicolor,Microcaecilia unicolor,aMicUni1.1,Amphibia,Unclassified,Gymnophiona,Siphonopidae,Microcaecilia
Mesoplodon_bidens,Mesoplodon bidens,MesBid_v1,Mammalia,Laurasiatheria,Cetacea,Ziphiidae,Mesoplodon
Mesoclemmys_tuberculata,Mesoclemmys tuberculata,1,Unclassified,Unclassified,Testudines,Chelidae,Mesoclemmys
Meriones_unguiculatus,Meriones unguiculatus,MunDraft-v1.0,Mammalia,Euarchontoglires,Rodentia,Muridae,Meriones
Melanochromis_auratus,Melanochromis auratus,ASM15089v1,Actinopteri,Cichlomorphae,Cichliformes,Cichlidae,Melanochromis
Megaptera_novaeangliae,Megaptera novaeangliae,megNov1,Mammalia,Laurasiatheria,Cetacea,Balaenopteridae,Megaptera
Megaderma_lyra,Megaderma lyra,MegLyr_v1_BIUU,Mammalia,Laurasiatheria,Chiroptera,Megadermatidae,Megaderma
Mastacembelus_armatus,Mastacembelus armatus,GCA_900324485,Actinopteri,Unclassified,Synbranchiformes,Mastacembelidae,Mastacembelus
Marmota_flaviventris,Marmota flaviventris,ASM367607v1,Mammalia,Euarchontoglires,Rodentia,Sciuridae,Marmota
Manis_tricuspis,Manis tricuspis,ManTri_v1_BIUU,Mammalia,Laurasiatheria,Pholidota,Manidae,Manis
Mandrillus_sphinx,Mandrillus sphinx,BGI_mandrill_1.0,Mammalia,Euarchontoglires,Primates,Cercopithecidae,Mandrillus
Mammalia,Mammalia,low_coverage,Mammalia,Unclassified,Unclassified,Unclassified,Unclassified
Madoqua_kirkii,Madoqua kirkii,KDD,Mammalia,Laurasiatheria,Unclassified,Bovidae,Madoqua
Macrotus_californicus,Macrotus californicus,MacCal_v1_BIUU,Mammalia,Laurasiatheria,Chiroptera,Phyllostomidae,Macrotus
Macroglossus_sobrinus,Macroglossus sobrinus,MacSob_v1,Mammalia,Laurasiatheria,Chiroptera,Pteropodidae,Macroglossus
Macquaria_australasica,Macquaria australasica,DU_Maus_v1.0,Actinopteri,Unclassified,Centrarchiformes,Percichthyidae,Macquaria
Maccullochella_peelii,Maccullochella peelii,mcod_v1,Actinopteri,Unclassified,Centrarchiformes,Percichthyidae,Maccullochella
Macaca_fuscata,Macaca fuscata,GCA_003118495,Mammalia,Euarchontoglires,Primates,Cercopithecidae,Macaca
Lynx_canadensis,Lynx canadensis,LynCan4_v1,Mammalia,Laurasiatheria,Carnivora,Felidae,Lynx
Lycaon_pictus,Lycaon pictus,LycPicSAfr1.0,Mammalia,Laurasiatheria,Carnivora,Canidae,Lycaon
Lota_lota,Lota lota,ASM90030238v1,Actinopteri,Unclassified,Gadiformes,Lotidae,Lota
Litocranius_walleri,Litocranius walleri,GRK,Mammalia,Laurasiatheria,Unclassified,Bovidae,Litocranius
Lonchura_striata_domestica,Lonchura striata domestica,LonStrDom1,Aves,Neognathae,Passeriformes,Estrildidae,Lonchura
Limosa_lapponica_baueri,Limosa lapponica baueri,Godwit_v1,Aves,Neognathae,Charadriiformes,Scolopacidae,Limosa
Lesueurigobius_sanzi,Lesueurigobius sanzi,ASM90030325v1,Actinopteri,Unclassified,Gobiiformes,Gobiidae,Lesueurigobius
Lepus_timidus,Lepus timidus,GCA_009760805,Mammalia,Euarchontoglires,Lagomorpha,Leporidae,Lepus
Lepus_americanus,Lepus americanus,LepAme_v1_BIUU,Mammalia,Euarchontoglires,Lagomorpha,Leporidae,Lepus
Laticauda_laticaudata,Laticauda laticaudata,1,Unclassified,Lepidosauria,Squamata,Elapidae,Laticauda
Laticauda_colubrina,Laticauda colubrina,1,Unclassified,Lepidosauria,Squamata,Elapidae,Laticauda
Lateolabrax_maculatus,Lateolabrax maculatus,ASM402866v1,Actinopteri,Unclassified,Pempheriformes,Lateolabracidae,Lateolabrax
Lasiurus_borealis,Lasiurus borealis,LasBor_v1,Mammalia,Laurasiatheria,Chiroptera,Vespertilionidae,Lasiurus
Lamprogrammus_exutus,Lamprogrammus exutus,ASM90031255v1,Actinopteri,Unclassified,Ophidiiformes,Ophidiidae,Lamprogrammus
Lampris_guttatus,Lampris guttatus,ASM90030254v1,Actinopteri,Unclassified,Lampriformes,Lampridae,Lampris
Lagenorhynchus_obliquidens,Lagenorhynchus obliquidens,ASM367639v1,Mammalia,Laurasiatheria,Cetacea,Delphinidae,Lagenorhynchus
Lacerta_viridis,Lacerta viridis,ASM90024590v1,Unclassified,Lepidosauria,Squamata,Lacertidae,Lacerta
Lacerta_bilineata,Lacerta bilineata,L_bilineata,Unclassified,Lepidosauria,Squamata,Lacertidae,Lacerta
Labeo_rohita,Labeo rohita,ASM412021v1,Actinopteri,Cypriniphysae,Cypriniformes,Cyprinidae,Labeo
Kogia_breviceps,Kogia breviceps,v1_BIUU,Mammalia,Laurasiatheria,Cetacea,Physeteridae,Kogia
Junco_hyemalis,Junco hyemalis,ASM382977v1,Aves,Neognathae,Passeriformes,Passerellidae,Junco
Inia_geoffrensis,Inia geoffrensis,IniGeo_v1_BIUU,Mammalia,Laurasiatheria,Cetacea,Iniidae,Inia
Hystrix_cristata,Hystrix cristata,HysCri_v1_BIUU,Mammalia,Euarchontoglires,Rodentia,Hystricidae,Hystrix
Hypoplectrus_puella,Hypoplectrus puella,HP_genome_unmasked_01,Actinopteri,Unclassified,Perciformes,Serranidae,Hypoplectrus
Hypophthalmichthys_nobilis,Hypophthalmichthys nobilis,HypNob1.0,Actinopteri,Cypriniphysae,Cypriniformes,Cyprinidae,Hypophthalmichthys
Hypophthalmichthys_molitrix,Hypophthalmichthys molitrix,HypMol1.0,Actinopteri,Cypriniphysae,Cypriniformes,Cyprinidae,Hypophthalmichthys
Hydropotes_inermis,Hydropotes inermis,NPU_HINE_1.0,Mammalia,Laurasiatheria,Unclassified,Cervidae,Hydropotes
Hydrophis_melanocephalus,Hydrophis melanocephalus,1,Unclassified,Lepidosauria,Squamata,Hydrophiidae,Hydrophis
Hydrophis_cyanocinctus,Hydrophis cyanocinctus,ASM402372v1,Unclassified,Lepidosauria,Squamata,Hydrophiidae,Hydrophis
Hydrochoerus_hydrochaeris,Hydrochoerus hydrochaeris,HydHyd_v1_BIUU,Mammalia,Euarchontoglires,Rodentia,Hydrochaeridae,Hydrochoerus
Hyaena_hyaena,Hyaena hyaena,HyaHya_v1,Mammalia,Laurasiatheria,Carnivora,Hyaenidae,Hyaena
Hucho_hucho,Hucho hucho,ASM331708v1,Actinopteri,Unclassified,Salmoniformes,Salmonidae,Hucho
Homo_sapiens,Homo sapiens,goldenpath_hg38_chromosome,Mammalia,Euarchontoglires,Primates,Hominidae,Homo
Holocentrus_rufus,Holocentrus rufus,ASM90030261v1,Actinopteri,Unclassified,Holocentriformes,Holocentridae,Holocentrus
Hirundo_rustica,Hirundo rustica,GCA_003692655.1,Aves,Neognathae,Passeriformes,Hirundinidae,Hirundo
Hipposideros_galeritus,Hipposideros galeritus,HipGal_v1,Mammalia,Laurasiatheria,Chiroptera,Hipposideridae,Hipposideros
Hipposideros_armiger,Hipposideros armiger,ASM189008v1,Mammalia,Laurasiatheria,Chiroptera,Hipposideridae,Hipposideros
Hippopotamus_amphibius,Hippopotamus amphibius,ASM299558v1,Mammalia,Laurasiatheria,Unclassified,Hippopotamidae,Hippopotamus
Hippocampus_comes,Hippocampus comes,QL1_v1,Actinopteri,Unclassified,Syngnathiformes,Syngnathidae,Hippocampus
Himantopus_himantopus,Himantopus himantopus,Hhiman_2.0,Aves,Neognathae,Charadriiformes,Recurvirostridae,Himantopus
Heterohyrax_brucei,Heterohyrax brucei,HetBruBak_v1_BIUU,Mammalia,Afrotheria,Hyracoidea,Procaviidae,Heterohyrax
Hemitragus_hylocrius,Hemitragus hylocrius,HemHyl_v1,Mammalia,Laurasiatheria,Unclassified,Bovidae,Hemitragus
Hemignathus_virens,Hemignathus virens,ASM328649v1,Aves,Neognathae,Passeriformes,Fringillidae,Hemignathus
Helostoma_temminkii,Helostoma temminkii,ASM90030269v1,Actinopteri,Unclassified,Anabantiformes,Helostomatidae,Helostoma
Helogale_parvula,Helogale parvula,HelPar_v1_BIUU,Mammalia,Laurasiatheria,Carnivora,Herpestidae,Helogale
Apodemus_speciosus,Apodemus speciosus,Aspe_assembly01,Mammalia,Euarchontoglires,Rodentia,Muridae,Apodemus
Anser_brachyrhynchus,Anser brachyrhynchus,ASM259213v1,Aves,Neognathae,Anseriformes,Anatidae,Anser
Ammotragus_lervia,Ammotragus lervia,NAZ_v1.0,Mammalia,Laurasiatheria,Unclassified,Bovidae,Ammotragus
Ailurus_fulgens,Ailurus fulgens,ASM200746v1,Mammalia,Laurasiatheria,Carnivora,Ailuridae,Ailurus
Agapornis_roseicollis,Agapornis roseicollis,ASM263189v1,Aves,Neognathae,Psittaciformes,Psittacidae,Agapornis
Acanthochromis_polyacanthus,Acanthochromis polyacanthus,ASM210954v1,Actinopteri,Unclassified,Unclassified,Pomacentridae,Acanthochromis
Sinella_curviseta,Sinella curviseta,ASM411504v1,Collembola,Unclassified,Unclassified,Entomobryidae,Sinella
Actinemys_marmorata,Actinemys marmorata,Amar_v1,Unclassified,Unclassified,Testudines,Emydidae,Actinemys
Alces_alces,Alces alces,GSC_moose_1.0,Mammalia,Laurasiatheria,Unclassified,Cervidae,Alces
Leptobrachium_leishanense,Leptobrachium leishanense,ASM966780v1,Amphibia,Batrachia,Anura,Megophryidae,Leptobrachium
Nanger_granti,Nanger granti,GTG-3714,Mammalia,Laurasiatheria,Unclassified,Bovidae,Nanger
Nycticeius_humeralis,Nycticeius humeralis,NycHum_v1_BIUU,Mammalia,Laurasiatheria,Chiroptera,Vespertilionidae,Nycticeius
Spea_multiplicata,Spea multiplicata,usc_Smult_1.0,Amphibia,Batrachia,Anura,Pelobatidae,Spea
Lacerta_agilis,Lacerta agilis,rLacAgi1,Unclassified,Lepidosauria,Squamata,Lacertidae,Lacerta
Lutra_lutra,Lutra lutra,mLutLut1.1,Mammalia,Laurasiatheria,Carnivora,Mustelidae,Lutra
Oophaga_pumilio,Oophaga pumilio,UCB_Opum_1.0,Amphibia,Batrachia,Anura,Dendrobatidae,Oophaga
Sapajus_apella,Sapajus apella,GSC_monkey_1.0,Mammalia,Euarchontoglires,Primates,Cebidae,Sapajus
Cynopterus_brachyotis,Cynopterus brachyotis,ASM979314v1,Mammalia,Laurasiatheria,Chiroptera,Pteropodidae,Cynopterus
Lutra_lutra,Lutra lutra,riverotter_1.0,Mammalia,Laurasiatheria,Carnivora,Mustelidae,Lutra
Mustela_erminea,Mustela erminea,mMusErm1,Mammalia,Laurasiatheria,Carnivora,Mustelidae,Mustela
Rhombomys_opimus,Rhombomys opimus,ASM1012001v1,Mammalia,Euarchontoglires,Rodentia,Muridae,Rhombomys
Thamnophis_elegans,Thamnophis elegans,rThaEle1.pri,Unclassified,Lepidosauria,Squamata,Colubridae,Thamnophis
Trachypithecus_francoisi,Trachypithecus francoisi,Tfra_2.0,Mammalia,Euarchontoglires,Primates,Cercopithecidae,Trachypithecus
Crocuta_crocuta,Crocuta crocuta,CrCroc_1.0,Mammalia,Laurasiatheria,Carnivora,Hyaenidae,Crocuta
Marmota_monax,Marmota monax,MONAX5,Mammalia,Euarchontoglires,Rodentia,Sciuridae,Marmota
Mastomys_coucha,Mastomys coucha,UCSF_Mcou_1,Mammalia,Euarchontoglires,Rodentia,Muridae,Mastomys
Microcebus_griseorufus,Microcebus griseorufus,Mgri_1.0,Mammalia,Euarchontoglires,Primates,Cheirogaleidae,Microcebus
Microcebus_mittermeieri,Microcebus mittermeieri,Mmit_1.0,Mammalia,Euarchontoglires,Primates,Cheirogaleidae,Microcebus
Microcebus_ravelobensis,Microcebus ravelobensis,Mrav_1.0,Mammalia,Euarchontoglires,Primates,Cheirogaleidae,Microcebus
Microcebus_tavaratra,Microcebus tavaratra,Mtav_1.0,Mammalia,Euarchontoglires,Primates,Cheirogaleidae,Microcebus
Mirza_zaza,Mirza zaza,Mzaz_1.0,Mammalia,Euarchontoglires,Primates,Cheirogaleidae,Mirza
Panthera_leo,Panthera leo,UCSF_Mcou_1,Mammalia,Laurasiatheria,Carnivora,Felidae,Panthera
Sciurus_carolinensis,Sciurus carolinensis,mSciCar1.1,Mammalia,Euarchontoglires,Rodentia,Sciuridae,Sciurus
Sciurus_vulgaris,Sciurus vulgaris,mSciVul1.1,Mammalia,Euarchontoglires,Rodentia,Sciuridae,Sciurus
Ursus_thibetanus_thibetanus,Ursus thibetanus thibetanus,ASM966005v1,Mammalia,Laurasiatheria,Carnivora,Ursidae,Ursus
Antidorcas_marsupialis,Antidorcas marsupialis,SGB,Mammalia,Laurasiatheria,Unclassified,Bovidae,Antidorcas
Erethizon_dorsatum,Erethizon dorsatum,GSC_porc_1.0,Mammalia,Euarchontoglires,Rodentia,Erethizontidae,Erethizon
Kobus_ellipsiprymnus,Kobus ellipsiprymnus,DFW-scaff,Mammalia,Laurasiatheria,Unclassified,Bovidae,Kobus
Pedetes_capensis,Pedetes capensis,PedCap_v1_BIUU,Mammalia,Euarchontoglires,Rodentia,Pedetidae,Pedetes
Cuniculus_paca,Cuniculus paca,CunPac_v1_BIUU,Mammalia,Euarchontoglires,Rodentia,Cuniculidae,Cuniculus
Indri_indri,Indri indri,IndInd_v1_BIUU,Mammalia,Euarchontoglires,Primates,Indriidae,Indri
Marmota_vancouverensis,Marmota vancouverensis,VIM_1.0,Mammalia,Euarchontoglires,Rodentia,Sciuridae,Marmota
Tupaia_tana,Tupaia tana,TupTan_v1_BIUU,Mammalia,Euarchontoglires,Scandentia,Tupaiidae,Tupaia
Ziphius_cavirostris,Ziphius cavirostris,ZipCav_v1_BIUU,Mammalia,Laurasiatheria,Cetacea,Ziphiidae,Ziphius
Halichoerus_grypus,Halichoerus grypus,Tufts_HGry_1.1,Mammalia,Laurasiatheria,Carnivora,Phocidae,Halichoerus
Martes_zibellina,Martes zibellina,ASM1258336v1,Mammalia,Laurasiatheria,Carnivora,Mustelidae,Martes
Micronycteris_hirsuta,Micronycteris hirsuta,MicHir_v1,Mammalia,Laurasiatheria,Chiroptera,Phyllostomidae,Micronycteris
Ptyas_mucosa,Ptyas mucosa,Pmuc_v1.0,Unclassified,Lepidosauria,Squamata,Colubridae,Ptyas
Alauda_arvensis,Alauda arvensis,skylark,Aves,Neognathae,Passeriformes,Alaudidae,Alauda
Grus_vipio,Grus vipio,Gvipio_1.0,Aves,Neognathae,Gruiformes,Gruidae,Grus
Ardeotis_arabs,Ardeotis arabs,REN_Aarabs_1.0,Aves,Neognathae,Gruiformes,Otididae,Ardeotis
Cromileptes_altivelis,Cromileptes altivelis,SYSU_Calt_1.1,Actinopteri,Unclassified,Perciformes,Serranidae,Cromileptes
Etheostoma_cragini,Etheostoma cragini,Ecrag_1.0,Actinopteri,Unclassified,Perciformes,Percidae,Etheostoma
Eupsittula_pertinax,Eupsittula pertinax,ASM1131718v1,Aves,Neognathae,Psittaciformes,Psittacidae,Eupsittula
Grus_monacha,Grus monacha,Gmonacha_1.0,Aves,Neognathae,Gruiformes,Gruidae,Grus
Guaruba_guarouba,Guaruba guarouba,ASM1180009v1,Aves,Neognathae,Psittaciformes,Psittacidae,Guaruba
Gymnobelideus_leadbeateri,Gymnobelideus leadbeateri,LBP_v1_scaffolds,Mammalia,Unclassified,Diprotodontia,Petauridae,Gymnobelideus
Lama_glama,Lama glama,ASM1323958v1,Mammalia,Laurasiatheria,Unclassified,Camelidae,Lama
Limnodynastes_dumerilii,Limnodynastes dumerilii,BGI_Ldum_1.0,Amphibia,Batrachia,Anura,Myobatrachidae,Limnodynastes
Mallotus_villosus,Mallotus villosus,GCA_903064625,Actinopteri,Unclassified,Osmeriformes,Salangidae,Mallotus
Molothrus_ater,Molothrus ater,BPBGC_Mater_1.0,Aves,Neognathae,Passeriformes,Icteridae,Molothrus
Nisaetus_nipalensis,Nisaetus nipalensis,Nnipalensis_1.0,Aves,Neognathae,Falconiformes,Accipitridae,Nisaetus
Oxyura_jamaicensis,Oxyura jamaicensis,Ojam_1.0,Aves,Neognathae,Anseriformes,Anatidae,Oxyura
Pionus_senilis,Pionus senilis,ASM1176272v1,Aves,Neognathae,Psittaciformes,Psittacidae,Pionus
Trachemys_scripta,Trachemys scripta,CAS_Tse_1.0,Unclassified,Unclassified,Testudines,Emydidae,Trachemys
Tropheus_moorii,Tropheus moorii,TMv1.0,Actinopteri,Cichlomorphae,Cichliformes,Cichlidae,Tropheus
Zootoca_vivipara,Zootoca vivipara,UG_Zviv_1,Unclassified,Lepidosauria,Squamata,Lacertidae,Zootoca